Customer_ID,Age,Income,Employment_Status,Credit_Score,Credit_Utilization,Missed_Payments,Loan_Balance,Debt_to_Income_Ratio,Account_Type,Location,Account_Tenure_Years,Actual_Delinquent,Risk_Tier,Prob_Logistic,Predicted_Class_Logistic,Prob_RF,Predicted_Class_RF,Is_Test_Set,Expected_Loss_Logistic,Expected_Loss_RF
GELD-10000,34,74825.74,Employed,586.0,60.27,2,2208.41,0.078,Personal,Chicago,10.3,0,High,0.4763,0,0.1903,0,0,1051.87,420.26
GELD-10001,57,22898.91,Retired,660.0,22.11,1,4927.47,0.13,Personal,Los Angeles,0.8,0,Low,0.0,0,0.0368,0,1,0.0,181.33
GELD-10002,68,51428.33,Self-Employed,630.0,15.77,0,3646.51,0.05,Personal,Atlanta,16.2,0,Low,0.0,0,0.017,0,0,0.0,61.99
GELD-10003,35,59132.95,Employed,614.0,39.54,0,8448.58,0.089,Personal,Denver,19.6,0,Moderate,0.0,0,0.0197,0,0,0.0,166.44
GELD-10004,67,110708.3,Employed,758.0,43.77,0,21341.15,0.074,Personal,Seattle,12.3,0,Moderate,0.0,0,0.005,0,0,0.0,106.71
GELD-10005,24,104642.4,Employed,586.0,43.3,0,8810.94,0.054,Personal,Denver,10.3,0,Moderate,0.0,0,0.0076,0,0,0.0,66.96
GELD-10006,60,49545.83,Employed,608.0,22.46,0,10675.75,0.084,Personal,Chicago,17.6,0,Low,0.0,0,0.0028,0,0,0.0,29.89
GELD-10007,36,58455.775,Retired,626.0,42.23,1,21902.41,0.14,Personal,New York,19.1,0,Moderate,0.0,0,0.0213,0,0,0.0,466.52
GELD-10008,48,32275.92,Employed,641.0,7.08,0,6681.11,0.061,Personal,Denver,15.2,0,Low,0.0,0,0.003,0,1,0.0,20.04
GELD-10009,36,26434.02,Self-Employed,614.0,27.25,0,8028.32,0.154,Personal,Chicago,9.2,0,Low,0.0,0,0.0145,0,0,0.0,116.41
GELD-10010,24,38060.28,Employed,650.0,47.71,0,13790.72,0.185,Business,Chicago,12.0,0,Moderate,0.0,0,0.0357,0,0,0.0,492.33
GELD-10011,65,67098.74,Retired,696.0,39.71,3,10217.78,0.084,Personal,New York,14.2,0,Moderate,0.0277,0,0.309,0,0,283.03,3157.29
GELD-10012,46,36351.04,Unemployed,722.0,55.09,1,7141.54,0.176,Business,Houston,4.3,0,High,0.0006,0,0.1737,0,0,4.28,1240.49
GELD-10013,48,78632.97,Employed,718.0,12.79,0,18478.25,0.062,Personal,Houston,9.2,0,Low,0.0,0,0.0,0,1,0.0,0.0
GELD-10014,52,34340.1,Employed,541.0,69.17,4,16493.18,0.277,Personal,Los Angeles,16.7,1,High,1.0,1,0.9706,1,0,16493.18,16008.28
GELD-10015,65,48038.27,Employed,702.0,13.96,0,19916.55,0.109,Personal,Los Angeles,13.3,0,Low,0.0,0,0.0,0,1,0.0,0.0
GELD-10016,22,44980.33,Employed,706.0,17.94,0,11026.08,0.085,Personal,Houston,8.5,0,Low,0.0,0,0.0028,0,0,0.0,30.87
GELD-10017,51,61408.33,Employed,629.0,14.85,1,4202.64,0.05,Business,Seattle,13.4,0,Low,0.0,0,0.0078,0,1,0.0,32.78
GELD-10018,23,59690.37,Employed,792.0,49.73,3,12166.64,0.116,Personal,Atlanta,2.8,0,Moderate,0.3476,0,0.3071,0,0,4229.12,3736.38
GELD-10019,28,42155.46,Employed,751.0,16.14,1,5984.46,0.063,Business,Chicago,8.3,0,Low,0.0,0,0.0019,0,0,0.0,11.37
GELD-10020,44,77431.39,Employed,662.0,21.63,0,3582.6,0.05,Personal,Atlanta,16.0,0,Low,0.0,0,0.0053,0,0,0.0,18.99
GELD-10021,35,58455.775,Employed,633.0,29.85,0,10251.42,0.081,Business,Chicago,4.8,0,Low,0.0,0,0.0086,0,1,0.0,88.16
GELD-10022,63,47668.67,Employed,791.0,22.27,0,12849.47,0.096,Personal,Houston,4.1,0,Low,0.0,0,0.0015,0,1,0.0,19.27
GELD-10023,51,75881.28,Employed,674.0,26.18,1,31538.57,0.114,Personal,Los Angeles,19.0,0,Low,0.0,0,0.0033,0,0,0.0,104.08
GELD-10024,29,109746.5,Employed,681.0,35.76,2,5864.29,0.05,Personal,Seattle,4.6,0,Moderate,0.0001,0,0.0083,0,0,0.59,48.67
GELD-10025,59,31527.14,Unemployed,680.0,64.28,3,18146.48,0.299,Personal,Los Angeles,5.6,1,High,1.0,1,0.9688,1,1,18146.48,17580.31
GELD-10026,65,82520.17,Employed,836.0,15.29,0,4631.56,0.05,Personal,Atlanta,19.4,0,Low,0.0,0,0.003,0,0,0.0,13.89
GELD-10027,22,81435.83,Employed,660.0,49.79,1,25901.78,0.119,Personal,Los Angeles,14.8,0,Moderate,0.0,0,0.038,0,0,0.0,984.27
GELD-10028,28,59393.35,Employed,673.0,37.39,0,7939.55,0.083,Business,Houston,14.1,0,Moderate,0.0,0,0.0135,0,1,0.0,107.18
GELD-10029,27,105173.94,Employed,617.0,13.9,0,9888.24,0.05,Personal,Seattle,17.1,0,Low,0.0,0,0.0,0,0,0.0,0.0
GELD-10030,64,40877.78,Employed,648.0,2.7,0,9964.54,0.055,Personal,Atlanta,2.8,0,Low,0.0,0,0.0,0,0,0.0,0.0
GELD-10031,71,58455.775,Employed,603.0,40.27,0,19060.54,0.127,Personal,Seattle,14.3,0,Moderate,0.0,0,0.0552,0,0,0.0,1052.14
GELD-10032,59,58138.18,Employed,618.0,4.64,0,11759.27,0.05,Personal,Chicago,10.3,0,Low,0.0,0,0.0021,0,0,0.0,24.69
GELD-10033,62,58455.775,Retired,548.0,27.13,2,10867.77,0.079,Personal,Los Angeles,16.7,0,Low,0.0013,0,0.0237,0,0,14.13,257.57
GELD-10034,36,45025.59,Retired,737.0,2.43,0,11759.27,0.057,Personal,Seattle,10.4,0,Low,0.0,0,0.0028,0,1,0.0,32.93
GELD-10035,55,27994.38,Unemployed,686.0,76.32,5,45198.93,0.568,Personal,New York,12.6,1,Very High,1.0,1,0.9596,1,0,45198.93,43372.89
GELD-10036,50,59491.01,Employed,692.0,55.02,2,6304.46,0.104,Personal,Los Angeles,9.8,0,High,0.0241,0,0.0403,0,0,151.94,254.07
GELD-10038,58,82018.98,Self-Employed,680.0,14.77,0,33414.9,0.098,Personal,Seattle,15.5,0,Low,0.0,0,0.0056,0,1,0.0,187.12
GELD-10039,38,55312.03,Employed,788.0,22.75,2,16233.03,0.096,Personal,Atlanta,12.8,0,Low,0.0,0,0.0052,0,0,0.0,84.41
GELD-10040,70,68963.05,Employed,621.0,14.73,0,7536.97,0.05,Personal,Chicago,12.8,0,Low,0.0,0,0.0,0,1,0.0,0.0
GELD-10041,25,99049.55,Employed,694.0,59.15,1,11759.27,0.077,Personal,New York,9.3,0,High,0.0,0,0.0408,0,1,0.0,479.78
GELD-10042,49,35828.17,Employed,694.0,25.67,0,7475.63,0.106,Personal,Seattle,10.9,0,Low,0.0,0,0.0,0,0,0.0,0.0
GELD-10043,59,49116.46,Retired,755.0,70.79,2,3736.11,0.145,Personal,Denver,15.0,0,High,0.0114,0,0.153,0,0,42.59,571.62
GELD-10044,54,83662.54,Employed,706.0,29.04,1,11759.27,0.059,Business,Denver,16.6,0,Low,0.0,0,0.0,0,1,0.0,0.0
GELD-10045,63,112869.93,Self-Employed,709.0,26.05,0,10906.77,0.05,Personal,Houston,14.1,0,Low,0.0,0,0.009,0,0,0.0,98.16
GELD-10046,65,47952.0,Employed,587.0,27.19,0,14818.15,0.113,Business,Los Angeles,18.5,0,Low,0.0,0,0.0212,0,0,0.0,314.14
GELD-10047,43,66341.59,Employed,618.0,29.68,2,6742.61,0.061,Personal,Atlanta,16.5,0,Low,0.0001,0,0.0123,0,0,0.67,82.93
GELD-10048,25,72568.1,Employed,593.0,5.79,0,7594.38,0.05,Personal,Houston,11.5,0,Low,0.0,0,0.0,0,0,0.0,0.0
GELD-10049,50,92268.53,Employed,502.0,32.35,2,9643.7,0.052,Personal,Seattle,13.6,0,Moderate,0.0073,0,0.0891,0,1,70.4,859.25
GELD-10050,26,47014.5,Retired,703.0,19.05,0,6710.92,0.065,Business,Denver,18.6,0,Low,0.0,0,0.0019,0,0,0.0,12.75
GELD-10051,66,10310.55,Unemployed,657.0,80.35,3,23910.14,0.85,Personal,Denver,12.6,1,Very High,1.0,1,0.976,1,0,23910.14,23336.3
GELD-10052,64,39626.96,Retired,703.0,17.5,0,20120.08,0.141,Business,Denver,16.6,0,Low,0.0,0,0.0,0,0,0.0,0.0
GELD-10053,24,100000.99,Retired,677.0,30.08,1,8870.35,0.05,Business,Seattle,13.9,0,Moderate,0.0,0,0.0077,0,1,0.0,68.3
GELD-10054,49,87141.71,Employed,692.0,31.89,2,16659.74,0.071,Personal,Denver,11.3,0,Moderate,0.0,0,0.0147,0,0,0.0,244.9
GELD-10055,43,80165.0,Retired,769.0,24.01,0,5750.42,0.05,Personal,Chicago,5.2,0,Low,0.0,0,0.0,0,0,0.0,0.0
GELD-10056,26,105807.6,Employed,676.0,39.15,2,9165.38,0.051,Personal,Seattle,8.8,0,Moderate,0.0001,0,0.0036,0,0,0.92,33.0
GELD-10057,52,122159.26,Employed,722.0,23.42,2,29089.91,0.065,Personal,Atlanta,19.4,0,Low,0.0,0,0.006,0,0,0.0,174.54
GELD-10058,62,76075.83,Employed,654.0,22.59,1,11759.27,0.058,Business,Houston,13.3,0,Low,0.0,0,0.0,0,1,0.0,0.0
GELD-10059,38,83686.28,Employed,733.0,57.93,0,14377.92,0.097,Business,Atlanta,11.5,0,High,0.0,0,0.0224,0,0,0.0,322.07
GELD-10060,35,74234.4,Employed,588.0,47.47,0,9748.53,0.084,Personal,New York,18.7,0,Moderate,0.0,0,0.015,0,0,0.0,146.23
GELD-10061,60,66300.54,Employed,546.0,15.11,1,11788.0,0.056,Personal,Denver,11.9,0,Low,0.0,0,0.0049,0,0,0.0,57.76
GELD-10062,52,58455.775,Unemployed,822.0,40.83,3,5008.88,0.08,Business,New York,10.8,0,Moderate,0.042,0,0.1676,0,0,210.37,839.49
GELD-10063,29,52341.72,Employed,804.0,21.1,0,9956.37,0.074,Personal,Los Angeles,15.3,0,Low,0.0,0,0.0,0,0,0.0,0.0
GELD-10064,57,154573.04,Employed,539.0,11.82,1,15147.92,0.05,Business,Los Angeles,14.4,0,Low,0.0,0,0.0029,0,0,0.0,43.93
GELD-10066,40,95332.37,Employed,685.0,11.12,0,11759.27,0.05,Personal,Seattle,9.7,0,Low,0.0,0,0.0,0,0,0.0,0.0
GELD-10067,26,49740.54,Unemployed,726.0,51.59,1,8162.96,0.126,Personal,Atlanta,9.7,0,High,0.0,0,0.0853,0,0,0.0,696.3
GELD-10068,68,61115.46,Employed,797.0,38.36,1,7011.81,0.079,Personal,New York,7.9,0,Moderate,0.0,0,0.01,0,0,0.0,70.12
GELD-10069,23,22333.1,Retired,601.0,36.19,2,6637.33,0.205,Personal,Los Angeles,10.6,0,Moderate,0.089,0,0.1773,0,0,590.72,1176.8
GELD-10070,62,37513.38,Unemployed,604.0,43.51,3,10392.84,0.16,Personal,New York,8.6,1,Moderate,0.9959,1,0.9075,1,1,10350.23,9431.5
GELD-10071,31,72513.49,Employed,675.0,48.36,2,18779.97,0.112,Personal,Seattle,4.4,0,Moderate,0.0096,0,0.0594,0,1,180.29,1115.53
GELD-10072,63,95415.11,Employed,608.0,41.84,1,7221.95,0.055,Personal,New York,8.5,0,Moderate,0.0,0,0.0066,0,0,0.0,47.66
GELD-10073,37,27676.21,Unemployed,485.0,68.08,7,11759.27,0.306,Business,Atlanta,1.9,1,High,1.0,1,0.99,1,0,11759.27,11641.68
GELD-10074,52,144259.08,Self-Employed,659.0,53.87,1,12201.18,0.051,Personal,Houston,11.7,0,High,0.0,0,0.0129,0,0,0.0,157.4
GELD-10075,24,25523.28,Self-Employed,735.0,11.7,0,21122.16,0.207,Personal,Seattle,17.1,0,Low,0.0,0,0.0086,0,0,0.0,181.65
GELD-10076,24,26923.74,Unemployed,674.0,40.97,4,12185.83,0.227,Personal,Los Angeles,14.6,1,Moderate,1.0,1,0.8974,1,1,12185.83,10935.56
GELD-10077,37,121029.22,Employed,719.0,24.58,0,4950.73,0.05,Personal,Atlanta,7.5,0,Low,0.0,0,0.0,0,0,0.0,0.0
GELD-10078,61,69383.38,Employed,709.0,16.99,0,43257.52,0.147,Personal,New York,2.2,0,Low,0.0,0,0.0063,0,0,0.0,272.52
GELD-10079,39,75815.76,Employed,603.0,33.23,0,21655.49,0.097,Personal,New York,4.4,0,Moderate,0.0,0,0.0118,0,0,0.0,255.53
GELD-10080,25,29066.2,Retired,680.0,43.63,2,16153.86,0.246,Personal,Houston,11.1,0,Moderate,0.0061,0,0.1024,0,0,98.54,1654.16
GELD-10081,52,66790.08,Self-Employed,568.0,10.71,0,8558.69,0.05,Personal,Los Angeles,4.5,0,Low,0.0,0,0.0,0,0,0.0,0.0
GELD-10083,26,58455.775,Employed,679.0,34.51,1,5149.05,0.071,Personal,Chicago,5.0,0,Moderate,0.0,0,0.0091,0,0,0.0,46.86
GELD-10084,55,46442.03,Employed,675.0,29.76,3,9894.75,0.1,Business,Los Angeles,17.1,0,Low,0.2859,0,0.1505,0,0,2828.91,1489.16
GELD-10085,42,89420.55,Employed,585.0,36.81,0,13432.3,0.067,Personal,Houston,8.2,0,Moderate,0.0,0,0.0172,0,0,0.0,231.04
GELD-10086,21,51168.72,Self-Employed,599.0,31.95,1,11906.91,0.103,Personal,Denver,5.3,0,Moderate,0.0,0,0.0112,0,0,0.0,133.36
GELD-10087,40,51838.38,Self-Employed,695.0,31.18,2,34597.41,0.188,Personal,Chicago,16.3,0,Moderate,0.0001,0,0.0327,0,0,3.46,1131.34
GELD-10089,68,47245.37,Employed,661.0,17.02,1,21680.35,0.124,Personal,New York,2.7,0,Low,0.0,0,0.0098,0,0,0.0,212.47
GELD-10090,31,74686.9,Employed,657.0,29.16,0,16715.63,0.08,Personal,New York,11.6,0,Low,0.0,0,0.0,0,0,0.0,0.0
GELD-10091,33,78427.83,Self-Employed,740.0,3.06,0,13327.48,0.05,Business,Los Angeles,11.8,0,Low,0.0,0,0.003,0,0,0.0,39.98
GELD-10092,62,40764.37,Unemployed,621.0,71.98,5,15881.15,0.237,Personal,Chicago,14.4,1,High,1.0,1,0.9684,1,1,15881.15,15379.31
GELD-10093,23,88764.1,Employed,796.0,38.94,1,3675.8,0.05,Personal,New York,5.2,0,Moderate,0.0,0,0.0007,0,0,0.0,2.57
GELD-10094,29,34975.78,Unemployed,581.0,65.05,4,10340.03,0.227,Personal,Houston,9.2,1,High,1.0,1,0.9691,1,0,10340.03,10020.52
GELD-10095,32,58455.775,Employed,748.0,27.97,1,5225.67,0.061,Personal,New York,6.0,0,Low,0.0,0,0.0139,0,0,0.0,72.64
GELD-10096,43,55442.59,Employed,713.0,2.5,0,5955.27,0.05,Personal,Seattle,2.1,0,Low,0.0,0,0.0017,0,0,0.0,10.12
GELD-10097,34,44710.12,Employed,844.0,10.36,2,24739.93,0.132,Personal,Seattle,17.6,0,Low,0.0,0,0.0052,0,0,0.0,128.65
GELD-10098,53,44348.77,Employed,597.0,62.42,5,6336.46,0.155,Personal,New York,14.7,1,High,1.0,1,0.9538,1,0,6336.46,6043.72
GELD-10099,38,72216.05,Employed,512.0,13.69,1,5463.29,0.05,Business,Chicago,6.4,0,Low,0.0,0,0.0063,0,0,0.0,34.42
GELD-10100,69,47870.89,Employed,762.0,86.88,3,15271.56,0.227,Personal,Denver,12.2,1,Very High,0.9992,1,0.8678,1,1,15259.34,13252.66
GELD-10101,61,128122.98,Self-Employed,572.0,50.89,1,11600.37,0.054,Personal,Denver,4.4,0,High,0.0,0,0.0439,0,0,0.0,509.26
GELD-10102,29,65063.87,Employed,718.0,12.98,1,15799.9,0.067,Personal,Chicago,17.9,0,Low,0.0,0,0.0021,0,1,0.0,33.18
GELD-10103,43,130043.66,Employed,758.0,21.2,1,34666.99,0.068,Personal,Atlanta,2.7,0,Low,0.0,0,0.0,0,0,0.0,0.0
GELD-10104,30,53200.53,Retired,702.0,16.21,0,17045.73,0.092,Personal,Denver,0.6,0,Low,0.0,0,0.0053,0,0,0.0,90.34
GELD-10105,39,46641.39,Employed,691.0,21.98,1,4767.77,0.063,Personal,Seattle,10.3,0,Low,0.0,0,0.0,0,0,0.0,0.0
GELD-10106,67,64349.16,Employed,703.0,25.28,1,11759.27,0.072,Personal,Houston,11.9,0,Low,0.0,0,0.0,0,1,0.0,0.0
GELD-10107,25,31161.74,Self-Employed,734.0,33.16,0,10594.03,0.164,Business,Chicago,11.8,0,Moderate,0.0,0,0.0164,0,0,0.0,173.74
GELD-10108,67,72091.5,Employed,716.0,26.19,0,13369.98,0.07,Personal,Los Angeles,1.6,0,Low,0.0,0,0.0084,0,0,0.0,112.31
GELD-10109,43,58455.775,Employed,590.0,10.98,2,4482.58,0.05,Personal,Seattle,6.6,0,Low,0.0,0,0.0217,0,0,0.0,97.27
GELD-10110,50,40092.47,Employed,803.0,38.02,0,16349.47,0.167,Business,Houston,10.2,0,Moderate,0.0,0,0.0312,0,1,0.0,510.1
GELD-10111,45,131264.03,Employed,679.0,31.38,1,5536.49,0.05,Personal,Houston,4.7,0,Moderate,0.0,0,0.0028,0,0,0.0,15.5
GELD-10112,48,64723.96,Retired,711.0,48.5,2,16656.4,0.119,Personal,Chicago,17.5,0,Moderate,0.0004,0,0.0653,0,0,6.66,1087.66
GELD-10113,54,46368.4,Unemployed,725.0,66.33,6,7834.41,0.163,Personal,Houston,2.2,1,High,1.0,1,0.9037,1,0,7834.41,7079.96
GELD-10114,65,94084.64,Self-Employed,756.0,11.31,1,18644.35,0.05,Personal,Chicago,10.0,0,Low,0.0,0,0.0037,0,1,0.0,68.98
GELD-10115,68,20222.47,Retired,749.0,26.31,0,5557.85,0.172,Personal,Denver,14.0,0,Low,0.0,0,0.0429,0,0,0.0,238.43
GELD-10116,67,24054.72,Unemployed,684.0,21.03,5,4738.8,0.118,Business,New York,5.6,1,Low,1.0,1,0.7171,1,0,4738.8,3398.19
GELD-10117,45,56796.12,Employed,680.0,8.11,4,8735.65,0.05,Personal,Seattle,12.7,0,Low,0.1225,0,0.2576,0,0,1070.12,2250.3
GELD-10118,30,16094.47,Retired,704.0,38.66,1,14182.89,0.392,Personal,Atlanta,16.7,0,Moderate,0.0,0,0.1233,0,0,0.0,1748.75
GELD-10119,34,51500.64,Employed,752.0,36.27,2,6080.88,0.087,Personal,New York,4.2,0,Moderate,0.0,0,0.0031,0,0,0.0,18.85
GELD-10120,62,22234.78,Unemployed,597.0,61.82,3,13660.97,0.373,Personal,Seattle,18.4,1,High,1.0,1,0.972,1,0,13660.97,13278.46
GELD-10121,66,35389.36,Retired,720.0,41.95,0,20427.63,0.222,Personal,Chicago,11.3,0,Moderate,0.0,0,0.0355,0,1,0.0,725.18
GELD-10122,50,206813.86,Employed,613.0,51.19,0,5463.45,0.05,Personal,Seattle,6.3,0,High,0.0,0,0.0623,0,0,0.0,340.37
GELD-10123,61,65551.85,Employed,805.0,30.17,1,13673.63,0.083,Business,Denver,8.9,0,Moderate,0.0,0,0.0074,0,0,0.0,101.18
GELD-10124,45,70047.69,Employed,701.0,20.25,0,16711.8,0.074,Personal,Chicago,6.6,0,Low,0.0,0,0.0024,0,0,0.0,40.11
GELD-10125,34,59124.78,Employed,646.0,14.02,2,10767.34,0.058,Personal,New York,14.6,0,Low,0.0,0,0.0061,0,0,0.0,65.68
GELD-10126,55,36550.12,Unemployed,705.0,72.2,5,11504.69,0.241,Personal,Los Angeles,16.0,1,High,1.0,1,0.9785,1,0,11504.69,11257.34
GELD-10127,68,20507.54,Retired,676.0,65.74,4,5190.9,0.339,Personal,Los Angeles,16.7,1,High,1.0,1,0.9166,1,0,5190.9,4757.98
GELD-10128,54,155315.98,Employed,664.0,31.04,2,15716.61,0.05,Personal,Seattle,19.7,0,Moderate,0.0,0,0.0183,0,0,0.0,287.61
GELD-10129,30,62575.45,Employed,548.0,27.82,2,12540.61,0.08,Personal,Los Angeles,15.9,0,Low,0.0026,0,0.0105,0,0,32.61,131.68
GELD-10130,55,55390.57,Employed,603.0,51.29,4,13232.09,0.131,Personal,Chicago,12.2,1,High,1.0,1,0.9459,1,0,13232.09,12516.23
GELD-10131,31,102387.17,Employed,665.0,40.01,0,41722.87,0.117,Personal,Houston,7.1,0,Moderate,0.0,0,0.0215,0,0,0.0,897.04
GELD-10132,31,44315.28,Employed,557.0,44.77,0,10678.64,0.139,Personal,Chicago,11.1,0,Moderate,0.0,0,0.0609,0,1,0.0,650.33
GELD-10133,41,91460.54,Employed,634.0,26.05,1,14670.48,0.058,Business,Houston,1.3,0,Low,0.0,0,0.0102,0,1,0.0,149.64
GELD-10134,41,58455.775,Retired,640.0,23.54,0,26183.04,0.126,Business,New York,15.0,0,Low,0.0,0,0.0026,0,0,0.0,68.08
GELD-10135,42,59361.18,Employed,620.0,7.91,0,11743.13,0.052,Personal,Atlanta,9.2,0,Low,0.0,0,0.0,0,0,0.0,0.0
GELD-10136,65,58455.775,Employed,729.0,52.4,3,7864.02,0.108,Personal,Houston,0.9,0,High,0.7622,1,0.433,0,0,5993.96,3405.12
GELD-10137,27,88426.87,Self-Employed,613.0,6.07,0,15352.4,0.05,Personal,Los Angeles,1.7,0,Low,0.0,0,0.003,0,0,0.0,46.06
GELD-10138,37,88921.78,Employed,681.0,22.9,1,8014.4,0.05,Business,Chicago,8.1,0,Low,0.0,0,0.0,0,0,0.0,0.0
GELD-10139,22,62278.22,Retired,650.0,11.09,1,24824.94,0.096,Business,New York,11.9,0,Low,0.0,0,0.0,0,0,0.0,0.0
GELD-10140,32,89076.69,Retired,667.0,63.52,3,16462.36,0.101,Personal,Los Angeles,9.6,1,High,0.9952,1,0.8752,1,0,16383.34,14407.86
GELD-10141,62,74445.87,Employed,787.0,27.5,0,7211.0,0.053,Business,New York,12.6,0,Low,0.0,0,0.0089,0,1,0.0,64.18
GELD-10142,38,94713.09,Employed,688.0,56.05,4,11759.27,0.078,Personal,Atlanta,9.9,1,High,0.9998,1,0.908,1,0,11756.92,10677.42
GELD-10143,31,124039.29,Employed,701.0,48.76,2,13277.28,0.057,Personal,Denver,13.4,0,Moderate,0.0001,0,0.0267,0,0,1.33,354.5
GELD-10144,36,39229.53,Employed,621.0,52.89,1,14091.1,0.193,Personal,Chicago,4.8,0,High,0.0014,0,0.0961,0,1,19.73,1354.15
GELD-10145,69,30385.59,Employed,719.0,34.11,0,5728.16,0.139,Personal,Seattle,2.7,0,Moderate,0.0,0,0.0257,0,1,0.0,147.21
GELD-10146,71,64479.38,Employed,716.0,12.07,2,19369.34,0.077,Personal,Chicago,12.1,0,Low,0.0,0,0.006,0,0,0.0,116.22
GELD-10147,38,30059.35,Employed,709.0,31.43,3,18018.43,0.214,Business,Atlanta,10.0,0,Moderate,0.7549,1,0.4927,0,0,13602.11,8877.68
GELD-10148,55,57451.83,Employed,590.0,39.8,1,14837.87,0.114,Business,Chicago,1.0,0,Moderate,0.0008,0,0.0441,0,0,11.87,654.35
GELD-10149,46,76226.78,Employed,634.0,30.23,0,19047.38,0.086,Personal,Seattle,7.9,0,Moderate,0.0,0,0.0049,0,0,0.0,93.33
GELD-10150,36,39419.91,Retired,775.0,54.63,4,6675.32,0.159,Personal,Houston,2.6,1,High,0.9996,1,0.6767,1,1,6672.65,4517.19
GELD-10151,26,62086.46,Employed,627.0,48.28,2,6912.86,0.092,Personal,New York,10.9,0,Moderate,0.0073,0,0.0476,0,0,50.46,329.05
GELD-10152,64,42160.96,Employed,785.0,27.4,0,10344.01,0.108,Personal,Seattle,8.2,0,Low,0.0,0,0.0322,0,0,0.0,333.08
GELD-10153,63,94340.38,Employed,637.0,30.0,2,8261.28,0.05,Personal,Los Angeles,12.5,0,Moderate,0.0001,0,0.0085,0,0,0.83,70.22
GELD-10154,67,21306.51,Retired,685.0,53.32,1,16338.77,0.379,Personal,Atlanta,16.2,0,High,0.0001,0,0.1338,0,1,1.63,2186.13
GELD-10155,67,25685.82,Employed,662.0,2.55,1,19600.49,0.162,Business,Houston,6.3,0,Low,0.0,0,0.0165,0,0,0.0,323.41
GELD-10156,68,60276.5,Self-Employed,616.0,38.08,3,7926.03,0.083,Personal,Los Angeles,19.3,1,Moderate,0.6191,1,0.7486,1,0,4907.01,5933.43
GELD-10157,62,32302.26,Unemployed,617.0,48.44,5,7181.89,0.179,Personal,Los Angeles,10.9,1,Moderate,1.0,1,0.9435,1,0,7181.89,6776.11
GELD-10158,32,68591.5,Employed,626.0,68.39,1,20188.71,0.149,Personal,Atlanta,12.6,0,High,0.002,0,0.0711,0,0,40.38,1435.42
GELD-10159,33,39176.85,Self-Employed,685.0,19.55,0,6706.32,0.079,Personal,Houston,13.8,0,Low,0.0,0,0.0,0,0,0.0,0.0
GELD-10160,24,69277.67,Employed,737.0,26.57,1,10184.94,0.064,Personal,Denver,13.5,0,Low,0.0,0,0.0195,0,1,0.0,198.61
GELD-10161,59,80598.61,Self-Employed,681.0,14.27,1,6595.03,0.05,Personal,Los Angeles,10.5,0,Low,0.0,0,0.0,0,0,0.0,0.0
GELD-10162,22,68915.92,Self-Employed,673.0,53.23,1,8475.08,0.094,Business,Los Angeles,8.9,0,High,0.0002,0,0.0056,0,0,1.7,47.46
GELD-10163,46,58743.58,Employed,760.0,10.89,0,4895.99,0.05,Personal,Houston,1.5,0,Low,0.0,0,0.0104,0,0,0.0,50.92
GELD-10164,47,82348.66,Employed,678.0,14.63,1,26089.94,0.079,Business,Chicago,0.9,0,Low,0.0,0,0.0074,0,0,0.0,193.07
GELD-10165,47,8208.3,Unemployed,637.0,40.87,1,22189.74,0.85,Business,Los Angeles,7.5,1,Moderate,0.948,1,0.6387,1,0,21035.87,14172.59
GELD-10166,35,44254.84,Employed,605.0,13.5,1,7448.57,0.061,Personal,New York,7.0,0,Low,0.0,0,0.0024,0,0,0.0,17.88
GELD-10167,28,36778.05,Employed,764.0,46.44,1,15959.92,0.2,Business,Houston,8.1,0,Moderate,0.0,0,0.0368,0,0,0.0,587.33
GELD-10168,27,121391.22,Employed,652.0,17.07,1,5108.03,0.05,Personal,Los Angeles,3.2,0,Low,0.0,0,0.0,0,0,0.0,0.0
GELD-10169,67,91163.9,Employed,634.0,32.56,1,17554.31,0.071,Business,Atlanta,14.9,0,Moderate,0.0,0,0.0298,0,0,0.0,523.12
GELD-10170,66,71919.76,Self-Employed,628.0,42.36,1,7112.33,0.073,Personal,Seattle,17.2,0,Moderate,0.0,0,0.0627,0,1,0.0,445.94
GELD-10171,60,34448.48,Employed,760.0,23.34,1,25098.06,0.207,Business,New York,18.8,0,Low,0.0,0,0.0077,0,0,0.0,193.26
GELD-10173,33,123493.41,Employed,744.0,35.3,3,9707.66,0.05,Business,Seattle,14.2,0,Moderate,0.0062,0,0.1228,0,0,60.19,1192.1
GELD-10174,63,58455.775,Self-Employed,659.0,45.06,2,9462.41,0.102,Business,Los Angeles,17.2,0,Moderate,0.0179,0,0.0714,0,1,169.38,675.62
GELD-10175,37,65131.93,Employed,590.0,31.51,2,13183.11,0.084,Personal,New York,8.7,0,Moderate,0.0009,0,0.0366,0,0,11.86,482.5
GELD-10176,37,87927.96,Self-Employed,652.0,57.26,2,6944.1,0.074,Personal,New York,6.5,0,High,0.0132,0,0.0609,0,0,91.66,422.9
GELD-10177,56,74817.89,Employed,673.0,29.55,0,23740.69,0.099,Personal,Chicago,18.8,0,Low,0.0,0,0.003,0,0,0.0,71.22
GELD-10178,41,58950.13,Retired,667.0,2.03,1,14524.46,0.052,Personal,Seattle,10.6,0,Low,0.0,0,0.0,0,1,0.0,0.0
GELD-10179,28,99375.27,Employed,665.0,46.07,2,21560.49,0.085,Personal,New York,10.2,0,Moderate,0.0005,0,0.0457,0,1,10.78,985.31
GELD-10180,25,59905.31,Employed,652.0,10.26,2,2780.06,0.05,Personal,Chicago,4.0,0,Low,0.0,0,0.0213,0,1,0.0,59.22
GELD-10181,46,49153.9,Employed,620.0,27.14,0,12205.57,0.099,Business,Houston,2.6,0,Low,0.0,0,0.0111,0,0,0.0,135.48
GELD-10182,36,38275.9,Retired,676.0,28.07,1,14028.39,0.139,Personal,Chicago,16.9,0,Low,0.0,0,0.0,0,0,0.0,0.0
GELD-10183,56,56157.14,Retired,713.0,21.62,1,12063.31,0.078,Business,Atlanta,12.5,0,Low,0.0,0,0.0,0,0,0.0,0.0
GELD-10184,48,56797.76,Employed,573.0,73.83,1,12252.7,0.16,Personal,Denver,6.9,0,High,0.0894,0,0.1464,0,0,1095.39,1793.8
GELD-10185,49,47205.31,Self-Employed,766.0,37.89,2,9969.85,0.114,Business,Los Angeles,4.2,0,Moderate,0.0012,0,0.043,0,1,11.96,428.7
GELD-10186,67,25645.47,Unemployed,416.0,32.41,3,46836.63,0.479,Business,Houston,11.3,1,Moderate,1.0,1,0.8954,1,1,46836.63,41937.52
GELD-10187,32,108918.55,Employed,680.0,54.6,1,13987.99,0.071,Personal,Denver,11.9,0,High,0.0,0,0.0086,0,0,0.0,120.3
GELD-10188,57,70319.09,Employed,395.0,24.35,0,13010.14,0.068,Personal,Denver,4.5,0,Low,0.0,0,0.0126,0,1,0.0,163.93
GELD-10189,50,58436.85,Employed,633.0,23.87,2,21203.96,0.109,Personal,Houston,17.1,0,Low,0.0,0,0.0293,0,1,0.0,621.28
GELD-10190,43,76434.87,Employed,526.0,33.05,1,8643.55,0.062,Personal,Atlanta,2.1,0,Moderate,0.0001,0,0.0432,0,1,0.86,373.4
GELD-10192,34,18086.86,Retired,687.0,33.01,4,20833.29,0.395,Personal,Los Angeles,13.8,1,Moderate,1.0,1,0.8955,1,0,20833.29,18656.21
GELD-10193,30,90539.51,Self-Employed,595.0,58.86,6,9896.09,0.08,Personal,Chicago,5.8,1,High,1.0,1,0.9268,1,0,9896.09,9171.7
GELD-10194,27,79487.6,Employed,617.0,34.01,1,11759.27,0.068,Personal,New York,16.6,0,Moderate,0.0,0,0.0275,0,1,0.0,323.38
GELD-10195,65,66654.46,Employed,742.0,46.38,4,26339.01,0.142,Personal,Chicago,14.9,1,Moderate,0.9968,1,0.8452,1,0,26254.73,22261.73
GELD-10196,57,106730.32,Self-Employed,683.0,33.12,0,3000.13,0.05,Personal,Houston,15.9,0,Moderate,0.0,0,0.0052,0,0,0.0,15.6
GELD-10197,49,76145.24,Retired,569.0,66.08,2,12624.57,0.111,Personal,Los Angeles,2.8,1,High,0.9802,1,0.7236,1,0,12374.6,9135.14
GELD-10198,23,58455.775,Retired,706.0,34.75,0,23062.52,0.132,Business,Chicago,3.2,0,Moderate,0.0,0,0.0177,0,0,0.0,408.21
GELD-10199,35,20117.08,Unemployed,610.0,38.49,4,4216.85,0.214,Personal,Los Angeles,6.1,1,Moderate,1.0,1,0.9122,1,1,4216.85,3846.61
GELD-10200,56,45840.81,Self-Employed,621.0,31.34,2,15057.56,0.127,Business,Los Angeles,10.6,0,Moderate,0.0249,0,0.118,0,0,374.93,1776.79
GELD-10201,67,109403.81,Employed,689.0,16.16,1,17939.11,0.05,Personal,New York,15.1,0,Low,0.0,0,0.0,0,1,0.0,0.0
GELD-10202,66,28431.39,Employed,682.0,17.93,1,11697.61,0.139,Personal,New York,16.8,0,Low,0.0,0,0.0075,0,0,0.0,87.73
GELD-10203,39,41984.07,Retired,647.0,26.67,0,11748.42,0.113,Personal,Houston,14.2,0,Low,0.0,0,0.0033,0,0,0.0,38.77
GELD-10204,33,80653.83,Employed,640.0,44.97,0,24809.66,0.112,Personal,Atlanta,18.6,0,Moderate,0.0,0,0.015,0,0,0.0,372.14
GELD-10205,62,30101.09,Employed,657.0,51.37,0,4930.93,0.186,Personal,Denver,14.9,0,High,0.0,0,0.0616,0,0,0.0,303.75
GELD-10206,41,73530.42,Employed,620.0,48.97,1,19903.8,0.114,Personal,Los Angeles,6.5,0,Moderate,0.0002,0,0.0671,0,1,3.98,1335.54
GELD-10207,57,101670.56,Self-Employed,751.0,27.33,1,15923.73,0.056,Personal,Atlanta,5.7,0,Low,0.0,0,0.0028,0,0,0.0,44.59
GELD-10208,47,33910.87,Employed,565.0,70.92,2,26397.66,0.344,Personal,Denver,14.1,1,High,0.998,1,0.8659,1,0,26344.86,22857.73
GELD-10209,49,139549.77,Employed,658.0,10.88,0,6843.92,0.05,Personal,Denver,4.3,0,Low,0.0,0,0.003,0,0,0.0,20.53
GELD-10210,40,42006.37,Employed,573.0,16.54,0,29320.07,0.175,Personal,Houston,2.3,0,Low,0.0,0,0.0058,0,0,0.0,170.06
GELD-10211,45,85701.99,Self-Employed,741.0,53.18,1,5255.04,0.068,Personal,Denver,10.9,0,High,0.0,0,0.0086,0,0,0.0,45.19
GELD-10212,26,58455.775,Self-Employed,658.0,29.18,0,9914.56,0.079,Business,Denver,16.5,0,Low,0.0,0,0.0056,0,0,0.0,55.52
GELD-10213,56,68273.85,Employed,601.0,18.83,1,6015.47,0.05,Personal,Los Angeles,2.5,0,Low,0.0,0,0.0108,0,0,0.0,64.97
GELD-10214,22,37139.16,Self-Employed,723.0,31.86,0,18673.13,0.178,Personal,Los Angeles,15.9,0,Moderate,0.0,0,0.007,0,0,0.0,130.71
GELD-10215,42,116682.61,Employed,515.0,43.67,1,7652.9,0.05,Business,Seattle,16.3,0,Moderate,0.0001,0,0.0394,0,0,0.77,301.52
GELD-10217,36,137225.12,Self-Employed,756.0,48.56,3,4390.21,0.05,Personal,Chicago,1.6,0,Moderate,0.0805,0,0.2511,0,0,353.41,1102.38
GELD-10219,25,24110.12,Unemployed,640.0,55.44,2,35297.97,0.5,Personal,Chicago,14.3,1,High,0.9933,1,0.8973,1,0,35061.47,31672.87
GELD-10220,56,72713.92,Self-Employed,335.0,37.2,2,7658.51,0.067,Personal,Atlanta,14.4,0,Moderate,0.9549,1,0.0918,0,0,7313.11,703.05
GELD-10221,50,67993.84,Employed,751.0,56.05,2,22824.83,0.141,Personal,New York,18.0,0,High,0.0002,0,0.0548,0,0,4.56,1250.8
GELD-10222,65,89326.49,Employed,740.0,59.13,2,18357.36,0.101,Personal,Chicago,11.9,0,High,0.0016,0,0.1261,0,0,29.37,2314.86
GELD-10223,39,60641.62,Employed,630.0,51.39,3,5516.65,0.094,Personal,Seattle,2.9,1,High,0.9918,1,0.6454,1,1,5471.41,3560.45
GELD-10224,43,171941.87,Employed,632.0,29.33,0,13722.88,0.05,Personal,New York,2.9,0,Low,0.0,0,0.0024,0,0,0.0,32.93
GELD-10225,54,67368.25,Employed,758.0,41.92,3,30248.63,0.146,Personal,Los Angeles,14.6,0,Moderate,0.1162,0,0.3208,0,0,3514.89,9703.76
GELD-10226,33,10736.6,Retired,712.0,46.97,1,9452.21,0.57,Personal,Chicago,4.1,0,Moderate,0.0023,0,0.2163,0,1,21.74,2044.51
GELD-10227,63,68726.52,Employed,550.0,50.35,1,7990.74,0.089,Business,New York,6.9,0,High,0.0013,0,0.0997,0,1,10.39,796.68
GELD-10228,49,70690.01,Retired,661.0,69.58,0,14721.68,0.13,Business,Seattle,10.0,0,High,0.0,0,0.0587,0,0,0.0,864.16
GELD-10229,56,43674.18,Self-Employed,659.0,36.79,2,10626.83,0.124,Personal,Denver,1.0,0,Moderate,0.0037,0,0.065,0,1,39.32,690.74
GELD-10230,42,18495.16,Unemployed,692.0,30.67,1,4926.68,0.203,Personal,New York,5.4,0,Moderate,0.0,0,0.1265,0,0,0.0,623.23
GELD-10231,67,45334.55,Employed,675.0,12.45,1,10582.07,0.071,Personal,New York,8.5,0,Low,0.0,0,0.0,0,1,0.0,0.0
GELD-10232,56,40765.26,Employed,639.0,55.4,2,9034.57,0.167,Personal,Seattle,6.0,0,High,0.2871,0,0.1818,0,0,2593.83,1642.48
GELD-10233,29,58455.775,Employed,687.0,23.15,0,11154.23,0.074,Personal,Denver,3.2,0,Low,0.0,0,0.0054,0,0,0.0,60.23
GELD-10234,59,99626.53,Employed,644.0,35.38,0,2858.33,0.05,Personal,Chicago,14.7,0,Moderate,0.0,0,0.0132,0,1,0.0,37.73
GELD-10235,71,131511.52,Self-Employed,850.0,64.87,2,15041.91,0.067,Business,Houston,16.4,0,High,0.0,0,0.1341,0,0,0.0,2017.12
GELD-10236,39,22227.54,Employed,684.0,6.84,0,4535.25,0.069,Personal,Chicago,5.5,0,Low,0.0,0,0.0121,0,0,0.0,54.88
GELD-10237,58,55809.28,Employed,674.0,43.31,2,18920.78,0.138,Personal,Denver,15.6,0,Moderate,0.0007,0,0.0807,0,1,13.24,1526.91
GELD-10238,26,75827.33,Self-Employed,804.0,81.58,2,23000.36,0.157,Personal,Atlanta,8.0,0,Very High,0.0637,0,0.3001,0,0,1465.12,6902.41
GELD-10239,67,72490.1,Employed,579.0,20.6,0,3672.53,0.05,Personal,Seattle,10.4,0,Low,0.0,0,0.0068,0,0,0.0,24.97
GELD-10240,35,108903.16,Retired,384.0,45.07,3,26291.74,0.086,Business,Chicago,17.2,1,Moderate,1.0,1,0.8114,1,0,26291.74,21333.12
GELD-10241,40,17902.74,Retired,609.0,77.22,2,11269.75,0.514,Personal,New York,15.1,1,Very High,0.9986,1,0.877,1,0,11253.97,9883.57
GELD-10242,29,11812.62,Retired,719.0,23.4,3,23067.42,0.569,Personal,Seattle,16.2,1,Low,0.4286,0,0.3572,0,1,9886.7,8239.68
GELD-10243,52,167375.59,Employed,640.0,9.37,1,21135.07,0.05,Personal,Los Angeles,3.2,0,Low,0.0,0,0.0032,0,1,0.0,67.63
GELD-10244,24,92878.29,Employed,716.0,33.46,0,5078.81,0.05,Personal,Denver,1.9,0,Moderate,0.0,0,0.0105,0,1,0.0,53.33
GELD-10245,70,25690.21,Retired,711.0,32.18,2,7245.59,0.169,Personal,Chicago,17.9,0,Moderate,0.0,0,0.0875,0,1,0.0,633.99
GELD-10246,38,71483.32,Employed,730.0,7.47,0,31841.55,0.098,Personal,Seattle,8.1,0,Low,0.0,0,0.0,0,0,0.0,0.0
GELD-10247,25,46157.74,Retired,712.0,32.17,0,5742.54,0.088,Personal,Chicago,6.1,0,Moderate,0.0,0,0.0131,0,0,0.0,75.23
GELD-10248,40,32433.62,Retired,659.0,20.1,2,15011.24,0.148,Personal,Seattle,14.6,0,Low,0.0,0,0.0111,0,1,0.0,166.62
GELD-10249,43,44445.53,Retired,577.0,42.14,1,7680.69,0.12,Personal,New York,16.8,0,Moderate,0.0,0,0.0419,0,1,0.0,321.82
GELD-10250,31,77626.65,Employed,746.0,31.43,0,7027.66,0.055,Personal,Los Angeles,17.3,0,Moderate,0.0,0,0.0024,0,1,0.0,16.87
GELD-10251,57,163896.21,Employed,774.0,51.42,2,11953.66,0.05,Personal,Los Angeles,6.7,0,High,0.0,0,0.0589,0,0,0.0,704.07
GELD-10252,42,70802.78,Retired,609.0,61.22,1,45018.09,0.205,Personal,Atlanta,17.1,0,High,0.0007,0,0.075,0,0,31.51,3376.36
GELD-10253,24,144740.16,Employed,727.0,16.71,0,19165.25,0.05,Personal,Seattle,1.3,0,Low,0.0,0,0.0026,0,0,0.0,49.83
GELD-10254,49,36148.58,Employed,593.0,57.86,1,6423.92,0.18,Business,Chicago,1.5,0,High,0.0988,0,0.0829,0,0,634.68,532.54
GELD-10255,64,56599.83,Employed,689.0,54.73,1,13592.45,0.135,Business,Los Angeles,12.7,0,High,0.0001,0,0.036,0,0,1.36,489.33
GELD-10256,54,49632.35,Retired,704.0,38.26,1,3961.4,0.085,Business,Denver,1.7,0,Moderate,0.0,0,0.0136,0,0,0.0,53.88
GELD-10258,62,112626.99,Employed,682.0,35.34,1,13379.46,0.052,Personal,Houston,13.6,0,Moderate,0.0,0,0.0,0,0,0.0,0.0
GELD-10259,29,58455.775,Employed,734.0,42.43,2,18563.79,0.129,Personal,Houston,7.1,0,Moderate,0.0002,0,0.0182,0,0,3.71,337.86
GELD-10260,62,56093.69,Employed,667.0,27.59,0,30841.33,0.154,Personal,Los Angeles,4.0,0,Low,0.0,0,0.0,0,1,0.0,0.0
GELD-10261,51,35935.13,Retired,628.0,58.18,6,15119.66,0.23,Business,Seattle,6.0,1,High,1.0,1,0.9035,1,1,15119.66,13660.61
GELD-10262,27,116336.26,Employed,589.0,29.96,0,12134.84,0.05,Personal,Atlanta,9.4,0,Low,0.0,0,0.0,0,0,0.0,0.0
GELD-10263,24,46260.92,Employed,648.0,41.95,2,9864.15,0.124,Personal,Los Angeles,9.8,0,Moderate,0.0183,0,0.0386,0,0,180.51,380.76
GELD-10264,39,58455.775,Retired,593.0,21.55,0,16592.07,0.09,Personal,New York,15.8,0,Low,0.0,0,0.0033,0,1,0.0,54.75
GELD-10265,62,59076.15,Self-Employed,649.0,36.92,1,5828.05,0.076,Personal,Chicago,15.1,0,Moderate,0.0,0,0.029,0,0,0.0,169.01
GELD-10266,50,92985.44,Self-Employed,642.0,26.85,1,8046.83,0.05,Personal,Atlanta,9.4,0,Low,0.0,0,0.0028,0,0,0.0,22.53
GELD-10267,51,68805.84,Self-Employed,731.0,24.6,0,5948.69,0.05,Personal,New York,17.0,0,Low,0.0,0,0.0,0,0,0.0,0.0
GELD-10268,55,180762.13,Employed,680.0,16.66,1,8826.31,0.05,Personal,Atlanta,2.7,0,Low,0.0,0,0.0,0,0,0.0,0.0
GELD-10269,41,44385.74,Employed,850.0,35.35,1,7825.49,0.107,Personal,New York,5.5,0,Moderate,0.0,0,0.0017,0,0,0.0,13.3
GELD-10270,51,21005.14,Unemployed,534.0,48.07,1,7513.86,0.278,Personal,Chicago,16.6,0,Moderate,0.0374,0,0.2712,0,1,281.02,2037.76
GELD-10271,39,9495.77,Unemployed,697.0,32.61,1,8234.39,0.483,Business,Chicago,7.9,0,Moderate,0.0017,0,0.3636,0,1,14.0,2994.02
GELD-10272,51,24043.53,Retired,643.0,25.16,0,13718.28,0.208,Business,Houston,19.6,0,Low,0.0,0,0.0171,0,0,0.0,234.58
GELD-10273,52,58177.48,Retired,608.0,13.2,4,25884.45,0.109,Business,Seattle,9.6,1,Low,0.9926,1,0.3939,0,1,25692.91,10195.88
GELD-10274,22,58455.775,Employed,673.0,25.49,1,11759.27,0.079,Business,New York,15.9,0,Low,0.0,0,0.0,0,0,0.0,0.0
GELD-10275,30,95982.04,Employed,668.0,35.68,0,8570.14,0.051,Personal,Houston,8.3,0,Moderate,0.0,0,0.0005,0,1,0.0,4.29
GELD-10276,22,19792.73,Unemployed,750.0,51.37,6,15721.81,0.392,Personal,New York,8.8,1,High,1.0,1,0.9725,1,0,15721.81,15289.46
GELD-10277,22,44261.63,Self-Employed,681.0,40.73,3,12914.95,0.141,Personal,Houston,8.0,0,Moderate,0.5906,1,0.611,1,1,7627.57,7891.03
GELD-10278,44,99140.01,Self-Employed,627.0,35.26,0,13380.6,0.059,Personal,Chicago,14.5,0,Moderate,0.0,0,0.0021,0,0,0.0,28.1
GELD-10279,37,13747.3,Unemployed,698.0,43.52,2,11921.68,0.458,Business,Atlanta,11.2,1,Moderate,0.8734,1,0.8317,1,0,10412.4,9915.26
GELD-10280,52,22413.53,Retired,659.0,3.08,0,34045.23,0.316,Personal,Denver,18.9,0,Low,0.0,0,0.0118,0,1,0.0,401.73
GELD-10281,36,57594.87,Employed,596.0,52.64,2,12826.62,0.127,Business,Houston,5.4,0,High,0.6781,1,0.327,0,0,8697.73,4194.3
GELD-10282,36,26495.41,Employed,658.0,38.12,1,8631.62,0.195,Personal,New York,2.5,0,Moderate,0.0,0,0.0337,0,0,0.0,290.89
GELD-10283,66,35538.67,Employed,691.0,24.96,0,7583.11,0.106,Personal,New York,8.2,0,Low,0.0,0,0.0107,0,0,0.0,81.14
GELD-10284,59,154615.34,Employed,680.0,41.53,0,20761.44,0.051,Personal,Denver,12.5,0,Moderate,0.0,0,0.0052,0,0,0.0,107.96
GELD-10285,51,32693.65,Employed,698.0,49.79,3,5932.02,0.173,Business,Seattle,17.3,1,Moderate,0.959,1,0.8565,1,0,5688.81,5080.78
GELD-10286,63,38767.33,Employed,638.0,42.92,2,27287.8,0.24,Personal,Chicago,7.3,0,Moderate,0.1144,0,0.1373,0,0,3121.72,3746.61
GELD-10287,44,68345.08,Employed,697.0,38.53,1,3827.63,0.062,Personal,New York,13.2,0,Moderate,0.0,0,0.0007,0,0,0.0,2.68
GELD-10288,21,69965.44,Employed,683.0,67.03,3,25229.51,0.158,Personal,Los Angeles,7.3,1,High,0.9995,1,0.8766,1,0,25216.9,22116.19
GELD-10289,31,59540.92,Employed,684.0,26.34,1,19503.29,0.105,Personal,Atlanta,12.5,0,Low,0.0,0,0.0028,0,0,0.0,54.61
GELD-10290,41,26862.37,Employed,677.0,41.79,2,9285.98,0.209,Personal,Houston,17.8,0,Moderate,0.0011,0,0.0703,0,0,10.21,652.8
GELD-10291,24,96937.35,Employed,827.0,43.8,3,7706.96,0.057,Personal,Seattle,5.0,0,Moderate,0.0032,0,0.2139,0,1,24.66,1648.52
GELD-10292,27,15376.86,Unemployed,753.0,77.56,4,25318.47,0.783,Personal,Denver,8.4,1,Very High,1.0,1,0.9643,1,0,25318.47,24414.6
GELD-10293,46,114599.91,Employed,696.0,16.4,0,35585.37,0.075,Personal,Atlanta,19.9,0,Low,0.0,0,0.0,0,0,0.0,0.0
GELD-10294,67,49505.15,Employed,619.0,40.65,4,8365.24,0.108,Personal,Chicago,17.4,1,Moderate,0.9998,1,0.8888,1,0,8363.57,7435.03
GELD-10295,70,102962.74,Employed,655.0,48.68,1,17124.45,0.076,Personal,Seattle,11.5,0,Moderate,0.0,0,0.0264,0,0,0.0,452.09
GELD-10296,32,43434.86,Unemployed,788.0,48.39,3,21757.16,0.2,Personal,Houston,10.6,0,Moderate,0.5774,1,0.4797,0,0,12562.58,10436.91
GELD-10299,53,36393.84,Employed,660.0,58.31,0,9567.26,0.197,Personal,Los Angeles,17.0,0,High,0.0,0,0.0512,0,0,0.0,489.84
GELD-10300,31,74507.89,Employed,701.0,26.54,2,14282.73,0.07,Business,Denver,13.9,0,Low,0.0,0,0.0188,0,1,0.0,268.52
GELD-10301,48,114691.65,Employed,644.0,58.2,3,3458.44,0.052,Personal,Chicago,6.2,1,High,0.9724,1,0.9027,1,0,3362.99,3121.93
GELD-10302,52,83560.13,Employed,687.0,41.41,1,27023.09,0.109,Personal,Seattle,4.4,0,Moderate,0.0,0,0.0104,0,0,0.0,281.04
GELD-10303,21,195399.36,Self-Employed,646.0,42.25,0,4341.37,0.05,Personal,Seattle,5.7,0,Moderate,0.0,0,0.015,0,0,0.0,65.12
GELD-10304,67,85687.4,Self-Employed,767.0,32.32,3,7309.33,0.051,Personal,New York,3.8,0,Moderate,0.0011,0,0.1147,0,0,8.04,838.38
GELD-10305,48,58455.775,Retired,627.0,47.53,3,9873.47,0.107,Personal,Los Angeles,2.4,1,Moderate,0.9954,1,0.8605,1,0,9828.05,8496.12
GELD-10306,62,237613.07,Employed,743.0,20.83,0,6639.51,0.05,Personal,Los Angeles,8.7,0,Low,0.0,0,0.0,0,0,0.0,0.0
GELD-10307,27,138021.6,Employed,634.0,49.68,2,6142.89,0.05,Personal,Seattle,2.7,0,Moderate,0.0047,0,0.0528,0,0,28.87,324.34
GELD-10308,22,14317.15,Unemployed,615.0,62.47,3,28160.79,0.786,Personal,Seattle,3.9,1,High,1.0,1,0.9391,1,1,28160.79,26445.8
GELD-10309,62,46496.22,Employed,626.0,16.36,0,35518.74,0.184,Personal,Atlanta,11.2,0,Low,0.0,0,0.0053,0,1,0.0,188.25
GELD-10310,44,41474.28,Employed,555.0,35.38,2,30610.85,0.224,Personal,Atlanta,3.7,0,Moderate,0.4191,0,0.2509,0,1,12829.01,7680.26
GELD-10311,24,88480.13,Employed,706.0,48.23,2,19956.51,0.094,Personal,Atlanta,1.7,0,Moderate,0.0035,0,0.0432,0,0,69.85,862.12
GELD-10312,64,85564.1,Employed,594.0,29.13,0,53036.29,0.155,Personal,Los Angeles,6.7,0,Low,0.0,0,0.0059,0,0,0.0,312.91
GELD-10313,39,50628.99,Retired,650.0,17.81,1,10303.29,0.072,Personal,New York,4.8,0,Low,0.0,0,0.0028,0,0,0.0,28.85
GELD-10314,46,12784.17,Unemployed,728.0,43.31,0,9726.74,0.457,Personal,Houston,10.5,0,Moderate,0.0,0,0.2617,0,0,0.0,2545.49
GELD-10315,31,49655.22,Self-Employed,726.0,53.11,4,12170.37,0.145,Business,Atlanta,2.5,1,High,1.0,1,0.7691,1,1,12170.37,9360.23
GELD-10316,60,61871.91,Employed,575.0,55.58,0,28493.3,0.173,Personal,New York,15.2,0,High,0.0,0,0.083,0,0,0.0,2364.94
GELD-10317,70,29147.83,Employed,697.0,32.79,0,17181.96,0.219,Personal,Denver,18.2,0,Moderate,0.0,0,0.0238,0,0,0.0,408.93
GELD-10318,63,44697.71,Employed,755.0,42.73,3,34080.6,0.239,Personal,Chicago,15.0,0,Moderate,0.3264,0,0.3719,0,0,11123.91,12674.58
GELD-10319,31,121831.62,Employed,630.0,13.99,0,12571.55,0.05,Personal,Atlanta,10.9,0,Low,0.0,0,0.0,0,0,0.0,0.0
GELD-10320,65,32881.51,Employed,711.0,33.35,0,4918.99,0.121,Personal,Denver,17.3,0,Moderate,0.0,0,0.0322,0,1,0.0,158.39
GELD-10321,23,127372.0,Self-Employed,595.0,44.5,1,8071.16,0.05,Personal,Houston,14.1,0,Moderate,0.0,0,0.0198,0,0,0.0,159.81
GELD-10323,23,58056.29,Employed,684.0,14.95,0,8984.24,0.054,Personal,Chicago,8.2,0,Low,0.0,0,0.0,0,0,0.0,0.0
GELD-10324,62,27610.69,Retired,721.0,19.0,0,12800.21,0.155,Personal,Houston,17.1,0,Low,0.0,0,0.0,0,0,0.0,0.0
GELD-10325,47,58455.775,Self-Employed,717.0,11.59,0,14017.45,0.066,Personal,Atlanta,7.2,0,Low,0.0,0,0.0,0,0,0.0,0.0
GELD-10326,69,46421.45,Employed,580.0,61.17,1,35771.62,0.273,Personal,Los Angeles,1.2,0,High,0.2471,0,0.1402,0,0,8839.17,5015.18
GELD-10327,22,47472.26,Employed,685.0,26.52,0,20489.57,0.137,Business,Houston,15.1,0,Low,0.0,0,0.0028,0,0,0.0,57.37
GELD-10328,69,65464.23,Employed,777.0,19.94,0,18214.62,0.083,Business,Houston,16.1,0,Low,0.0,0,0.0028,0,1,0.0,51.0
GELD-10329,36,25371.83,Employed,522.0,18.37,0,13290.24,0.17,Personal,Houston,3.6,0,Low,0.0,0,0.0153,0,0,0.0,203.34
GELD-10330,22,34458.5,Employed,743.0,28.53,1,7342.53,0.117,Business,Chicago,11.0,0,Low,0.0,0,0.0019,0,0,0.0,13.95
GELD-10332,40,81966.28,Employed,571.0,79.08,5,44597.84,0.196,Personal,Denver,14.5,1,Very High,1.0,1,0.9387,1,0,44597.84,41863.99
GELD-10333,58,46133.37,Employed,628.0,42.71,3,16447.68,0.155,Personal,Los Angeles,5.8,1,Moderate,0.9928,1,0.8603,1,0,16329.26,14149.94
GELD-10334,48,60540.95,Employed,711.0,13.41,0,8683.23,0.05,Business,Atlanta,6.7,0,Low,0.0,0,0.0,0,0,0.0,0.0
GELD-10335,45,32014.47,Employed,613.0,31.48,2,9403.5,0.147,Personal,Atlanta,17.0,0,Moderate,0.0014,0,0.1209,0,0,13.16,1136.88
GELD-10336,52,55919.92,Retired,771.0,3.3,1,28315.94,0.107,Personal,Denver,9.8,0,Low,0.0,0,0.0028,0,0,0.0,79.28
GELD-10338,62,76027.14,Employed,578.0,43.03,2,10716.28,0.079,Business,Houston,8.3,0,Moderate,0.0816,0,0.1178,0,0,874.45,1262.38
GELD-10339,60,82430.66,Employed,623.0,31.39,0,6092.55,0.05,Personal,Los Angeles,6.3,0,Moderate,0.0,0,0.0036,0,1,0.0,21.93
GELD-10340,53,68538.94,Employed,729.0,31.6,0,10231.59,0.071,Personal,Atlanta,12.7,0,Moderate,0.0,0,0.0005,0,0,0.0,5.12
GELD-10341,33,53226.0,Employed,726.0,25.51,0,16055.44,0.103,Personal,Denver,3.5,0,Low,0.0,0,0.0024,0,0,0.0,38.53
GELD-10342,61,110011.98,Employed,830.0,46.64,1,10118.19,0.057,Personal,Seattle,7.8,0,Moderate,0.0,0,0.0132,0,1,0.0,133.56
GELD-10343,62,71011.46,Employed,613.0,44.89,0,12268.39,0.091,Personal,Denver,4.6,0,Moderate,0.0,0,0.0379,0,0,0.0,464.97
GELD-10344,67,61416.04,Employed,777.0,36.7,0,6052.58,0.073,Business,Atlanta,14.1,0,Moderate,0.0,0,0.0106,0,0,0.0,64.16
GELD-10345,57,65913.95,Employed,611.0,64.11,2,8653.95,0.114,Personal,Houston,18.9,0,High,0.1002,0,0.3935,0,1,867.13,3405.33
GELD-10346,36,65284.88,Self-Employed,710.0,11.46,1,43447.44,0.149,Personal,Seattle,19.9,0,Low,0.0,0,0.018,0,1,0.0,782.05
GELD-10347,65,61139.01,Employed,737.0,35.2,1,11154.74,0.088,Personal,New York,9.3,0,Moderate,0.0,0,0.0012,0,0,0.0,13.39
GELD-10348,42,80882.1,Employed,465.0,30.91,0,15029.28,0.072,Business,Los Angeles,5.4,0,Moderate,0.0,0,0.0322,0,0,0.0,483.94
GELD-10349,40,43428.14,Self-Employed,739.0,52.0,3,7470.75,0.142,Personal,New York,9.1,0,High,0.5105,1,0.4521,0,0,3813.82,3377.53
GELD-10350,70,44879.84,Employed,772.0,26.78,2,12469.41,0.109,Personal,New York,17.0,0,Low,0.0,0,0.0128,0,0,0.0,159.61
GELD-10351,63,51068.35,Retired,752.0,65.39,1,10276.53,0.155,Business,Denver,4.5,0,High,0.0002,0,0.0596,0,1,2.06,612.48
GELD-10352,47,61984.67,Self-Employed,819.0,33.97,3,11759.27,0.087,Business,Los Angeles,19.1,0,Moderate,0.0033,0,0.1658,0,0,38.81,1949.69
GELD-10353,61,102449.67,Employed,743.0,23.45,0,22735.39,0.065,Business,Los Angeles,7.2,0,Low,0.0,0,0.0,0,0,0.0,0.0
GELD-10354,36,79538.43,Employed,637.0,30.6,2,24223.06,0.096,Business,Atlanta,19.7,0,Moderate,0.0004,0,0.0274,0,0,9.69,663.71
GELD-10355,54,58455.775,Self-Employed,762.0,37.71,0,12685.02,0.101,Personal,Atlanta,16.9,0,Moderate,0.0,0,0.0033,0,0,0.0,41.86
GELD-10356,52,85715.88,Employed,633.0,13.46,0,41105.99,0.11,Personal,Los Angeles,16.3,0,Low,0.0,0,0.0085,0,1,0.0,349.4
GELD-10357,46,113406.72,Employed,681.0,47.67,1,19580.14,0.072,Personal,Seattle,6.7,0,Moderate,0.0,0,0.0178,0,0,0.0,348.53
GELD-10358,45,43055.95,Retired,733.0,67.64,2,5127.01,0.165,Business,Chicago,0.7,0,High,0.7936,1,0.2051,0,1,4068.8,1051.55
GELD-10359,22,89278.25,Employed,706.0,12.79,0,30500.17,0.081,Personal,Atlanta,8.0,0,Low,0.0,0,0.0052,0,0,0.0,158.6
GELD-10360,32,61249.02,Employed,770.0,50.74,2,12046.73,0.114,Personal,Chicago,6.4,0,High,0.0007,0,0.0423,0,0,8.43,509.58
GELD-10361,60,103452.51,Self-Employed,849.0,51.65,0,23934.56,0.091,Personal,Denver,1.2,0,High,0.0,0,0.0378,0,0,0.0,904.73
GELD-10362,29,50954.55,Employed,595.0,28.89,1,6427.33,0.076,Personal,Seattle,10.4,0,Low,0.0,0,0.0141,0,0,0.0,90.63
GELD-10363,32,77060.37,Employed,652.0,20.03,0,11582.73,0.053,Personal,Los Angeles,8.4,0,Low,0.0,0,0.0,0,0,0.0,0.0
GELD-10364,46,119477.72,Retired,697.0,45.55,2,11759.27,0.054,Business,Seattle,12.9,0,Moderate,0.0003,0,0.03,0,0,3.53,352.78
GELD-10365,29,84330.3,Employed,643.0,46.48,0,13993.97,0.083,Business,Atlanta,12.6,0,Moderate,0.0,0,0.0136,0,0,0.0,190.32
GELD-10366,30,30927.13,Retired,670.0,47.4,5,11051.86,0.209,Personal,New York,2.9,1,Moderate,1.0,1,0.8932,1,0,11051.86,9871.52
GELD-10367,52,33769.84,Retired,729.0,48.12,1,2765.53,0.145,Personal,Denver,19.6,0,Moderate,0.0,0,0.0516,0,1,0.0,142.7
GELD-10368,54,64080.55,Employed,720.0,29.16,0,7754.98,0.065,Personal,Los Angeles,4.1,0,Low,0.0,0,0.0031,0,0,0.0,24.04
GELD-10369,68,97057.67,Employed,692.0,19.93,0,6725.61,0.05,Personal,Houston,9.2,0,Low,0.0,0,0.0,0,0,0.0,0.0
GELD-10370,40,70657.52,Employed,341.0,40.31,3,3956.7,0.063,Business,Denver,10.0,0,Moderate,1.0,1,0.4539,0,0,3956.7,1795.95
GELD-10371,59,49422.57,Employed,659.0,48.78,0,7897.87,0.121,Personal,Chicago,16.4,0,Moderate,0.0,0,0.035,0,0,0.0,276.43
GELD-10372,22,58455.775,Employed,773.0,34.58,2,36872.79,0.179,Personal,Seattle,2.4,0,Moderate,0.0001,0,0.0418,0,0,3.69,1541.28
GELD-10373,21,70857.22,Self-Employed,791.0,62.44,3,24211.21,0.148,Business,Los Angeles,8.9,1,High,0.9833,1,0.6671,1,1,23806.88,16151.3
GELD-10374,71,67445.68,Employed,746.0,14.46,1,7323.85,0.05,Personal,Denver,12.8,0,Low,0.0,0,0.0,0,0,0.0,0.0
GELD-10375,56,81205.58,Employed,595.0,43.92,2,8493.08,0.07,Personal,Seattle,4.7,0,Moderate,0.0218,0,0.111,0,0,185.15,942.73
GELD-10376,44,33465.89,Unemployed,657.0,44.29,2,8503.53,0.17,Personal,Los Angeles,12.7,0,Moderate,0.1477,0,0.2799,0,0,1255.97,2380.14
GELD-10377,47,225778.99,Employed,689.0,19.0,1,19027.32,0.05,Personal,Atlanta,18.5,0,Low,0.0,0,0.0,0,0,0.0,0.0
GELD-10378,22,8598.88,Unemployed,609.0,48.24,4,11759.27,0.778,Personal,Denver,20.0,1,Moderate,1.0,1,0.9259,1,0,11759.27,10887.91
GELD-10379,51,90137.18,Employed,681.0,2.45,1,7885.09,0.05,Personal,Atlanta,1.1,0,Low,0.0,0,0.0073,0,0,0.0,57.56
GELD-10380,34,58455.775,Employed,677.0,40.39,0,8450.77,0.091,Personal,Denver,5.1,0,Moderate,0.0,0,0.0,0,0,0.0,0.0
GELD-10381,22,28852.18,Self-Employed,751.0,51.56,1,23127.37,0.321,Business,Atlanta,6.6,0,High,0.0003,0,0.083,0,1,6.94,1919.57
GELD-10382,49,116109.48,Self-Employed,640.0,22.07,0,30170.83,0.069,Personal,Seattle,8.3,0,Low,0.0,0,0.0049,0,0,0.0,147.84
GELD-10383,35,41056.49,Retired,756.0,73.46,2,7058.81,0.195,Personal,Houston,5.2,0,High,0.1685,0,0.2725,0,1,1189.41,1923.53
GELD-10384,32,94836.8,Self-Employed,608.0,26.5,0,11759.27,0.05,Personal,Denver,4.5,0,Low,0.0,0,0.0086,0,0,0.0,101.13
GELD-10385,57,9629.7,Unemployed,618.0,49.09,1,13056.59,0.73,Personal,Denver,19.1,1,Moderate,0.166,0,0.4405,0,1,2167.39,5751.43
GELD-10386,48,59922.8,Employed,648.0,68.59,0,10792.36,0.139,Personal,Atlanta,18.4,0,High,0.0,0,0.0257,0,0,0.0,277.36
GELD-10387,40,40715.39,Employed,678.0,48.58,1,23817.07,0.224,Personal,Los Angeles,1.4,0,Moderate,0.0004,0,0.0506,0,0,9.53,1205.14
GELD-10388,59,175149.54,Self-Employed,506.0,47.01,0,11032.8,0.05,Personal,Denver,7.1,0,Moderate,0.0,0,0.0331,0,0,0.0,365.19
GELD-10389,44,39355.89,Unemployed,707.0,52.88,4,37982.49,0.314,Business,Atlanta,8.4,1,High,1.0,1,0.9136,1,1,37982.49,34700.8
GELD-10390,41,32435.2,Retired,795.0,24.39,0,24849.34,0.221,Personal,New York,5.2,0,Low,0.0,0,0.0054,0,0,0.0,134.19
GELD-10391,30,33140.54,Employed,721.0,38.45,1,11759.27,0.175,Personal,Atlanta,12.8,0,Moderate,0.0,0,0.005,0,0,0.0,58.8
GELD-10392,66,72209.35,Employed,660.0,38.59,3,11759.27,0.081,Business,Seattle,13.0,0,Moderate,0.6468,1,0.3706,0,0,7605.9,4357.99
GELD-10393,34,34061.79,Unemployed,599.0,49.94,4,6728.18,0.171,Personal,Houston,17.1,1,Moderate,1.0,1,0.9038,1,1,6728.18,6080.93
GELD-10394,57,30309.79,Employed,548.0,61.73,2,9557.68,0.246,Personal,New York,14.9,1,High,0.9377,1,0.8972,1,0,8962.24,8575.15
GELD-10395,38,26647.63,Retired,560.0,73.2,3,20382.07,0.4,Personal,Seattle,11.1,1,High,1.0,1,0.9455,1,0,20382.07,19271.25
GELD-10396,44,25515.5,Retired,666.0,57.18,1,14008.86,0.311,Personal,Seattle,13.2,0,High,0.0004,0,0.0423,0,0,5.6,592.57
GELD-10397,34,97745.83,Employed,822.0,23.49,2,42938.08,0.109,Personal,Seattle,5.8,0,Low,0.0,0,0.0211,0,0,0.0,905.99
GELD-10398,54,56026.32,Self-Employed,485.0,58.02,2,5807.07,0.114,Personal,Los Angeles,12.1,1,High,0.9866,1,0.7386,1,0,5729.26,4289.1
GELD-10399,32,58455.775,Self-Employed,724.0,44.58,3,11851.63,0.109,Business,Seattle,10.0,0,Moderate,0.7269,1,0.3177,0,0,8614.95,3765.26
GELD-10400,42,71581.69,Employed,628.0,16.0,0,8924.35,0.05,Personal,Los Angeles,3.1,0,Low,0.0,0,0.0,0,0,0.0,0.0
GELD-10401,26,28551.16,Retired,652.0,8.54,0,9999.9,0.097,Personal,Seattle,5.2,0,Low,0.0,0,0.0108,0,0,0.0,108.0
GELD-10402,56,34556.16,Employed,609.0,32.27,1,12396.17,0.156,Personal,Chicago,6.2,0,Moderate,0.0,0,0.0331,0,1,0.0,410.31
GELD-10403,65,33361.77,Unemployed,579.0,58.46,4,8053.31,0.206,Personal,New York,18.5,1,High,1.0,1,0.9572,1,0,8053.31,7708.63
GELD-10404,56,127786.81,Employed,684.0,27.34,1,21477.14,0.053,Personal,Chicago,5.0,0,Low,0.0,0,0.0,0,0,0.0,0.0
GELD-10405,42,40052.55,Retired,693.0,47.3,1,34573.66,0.279,Personal,Seattle,6.1,0,Moderate,0.0,0,0.046,0,0,0.0,1590.39
GELD-10406,34,74122.17,Employed,722.0,35.31,2,2977.08,0.051,Business,New York,7.7,0,Moderate,0.0001,0,0.0125,0,0,0.3,37.21
GELD-10407,36,116711.03,Employed,557.0,29.58,0,27882.15,0.071,Personal,New York,13.4,0,Low,0.0,0,0.0058,0,0,0.0,161.72
GELD-10408,56,42181.76,Retired,736.0,35.49,1,54724.96,0.335,Personal,Denver,2.8,0,Moderate,0.0,0,0.0462,0,0,0.0,2528.29
GELD-10409,45,54798.33,Employed,737.0,25.75,1,13545.8,0.092,Personal,Houston,19.1,0,Low,0.0,0,0.0048,0,0,0.0,65.02
GELD-10410,52,67352.99,Employed,705.0,42.85,1,8380.18,0.082,Personal,Chicago,17.4,0,Moderate,0.0,0,0.0352,0,1,0.0,294.98
GELD-10411,53,85619.73,Retired,646.0,56.94,0,8575.74,0.08,Business,Houston,11.8,0,High,0.0,0,0.0389,0,0,0.0,333.6
GELD-10412,65,44282.23,Retired,697.0,45.9,1,10049.96,0.139,Business,New York,13.6,0,Moderate,0.0,0,0.035,0,0,0.0,351.75
GELD-10413,56,48960.93,Employed,664.0,29.51,2,15650.3,0.118,Personal,Los Angeles,0.8,0,Low,0.0014,0,0.0191,0,0,21.91,298.92
GELD-10414,40,58455.775,Self-Employed,743.0,2.46,0,9353.88,0.05,Personal,New York,7.1,0,Low,0.0,0,0.0,0,0,0.0,0.0
GELD-10415,38,88902.93,Employed,649.0,60.05,0,11522.82,0.087,Personal,Houston,16.0,0,High,0.0,0,0.0214,0,0,0.0,246.59
GELD-10416,58,58455.775,Employed,683.0,27.35,1,6812.12,0.065,Business,Chicago,2.0,0,Low,0.0,0,0.0182,0,1,0.0,123.98
GELD-10417,23,84861.07,Employed,553.0,17.42,1,9190.48,0.05,Personal,Seattle,6.0,0,Low,0.0,0,0.0061,0,0,0.0,56.06
GELD-10418,43,45615.14,Self-Employed,696.0,13.0,0,9439.61,0.067,Personal,Denver,11.9,0,Low,0.0,0,0.0,0,1,0.0,0.0
GELD-10419,52,93577.63,Self-Employed,623.0,32.17,0,11832.29,0.056,Personal,Denver,5.5,0,Moderate,0.0,0,0.0,0,0,0.0,0.0
GELD-10421,36,14441.88,Unemployed,730.0,47.05,3,11759.27,0.456,Personal,Seattle,3.1,1,Moderate,0.9996,1,0.9495,1,0,11754.57,11165.43
GELD-10422,25,93243.37,Employed,632.0,22.28,1,10628.7,0.05,Personal,Denver,16.0,0,Low,0.0,0,0.0,0,0,0.0,0.0
GELD-10423,24,58455.775,Employed,677.0,20.59,0,13505.68,0.078,Personal,Chicago,10.4,0,Low,0.0,0,0.0044,0,0,0.0,59.42
GELD-10424,41,32583.66,Employed,687.0,66.66,1,27976.61,0.356,Business,Seattle,15.1,0,High,0.0171,0,0.0814,0,0,478.4,2277.3
GELD-10425,60,42181.16,Employed,701.0,71.92,2,11375.2,0.207,Personal,Denver,6.6,0,High,0.6346,1,0.2675,0,0,7218.7,3042.87
GELD-10426,71,60977.69,Employed,730.0,52.53,2,5823.43,0.097,Personal,Seattle,10.5,0,High,0.0007,0,0.0708,0,0,4.08,412.3
GELD-10427,34,59565.09,Retired,721.0,7.15,1,13085.29,0.055,Personal,Houston,17.2,0,Low,0.0,0,0.0,0,0,0.0,0.0
GELD-10428,59,44854.02,Employed,648.0,33.15,1,7900.86,0.102,Personal,Chicago,9.6,0,Moderate,0.0,0,0.0121,0,0,0.0,95.6
GELD-10429,51,59379.36,Employed,787.0,38.62,3,7779.09,0.085,Personal,Atlanta,7.5,0,Moderate,0.0131,0,0.129,0,0,101.91,1003.5
GELD-10430,34,38274.02,Employed,728.0,3.65,0,10121.81,0.061,Personal,Los Angeles,11.0,0,Low,0.0,0,0.003,0,0,0.0,30.37
GELD-10431,26,44454.86,Unemployed,773.0,41.43,3,8851.36,0.124,Personal,Denver,14.5,0,Moderate,0.1192,0,0.2387,0,0,1055.08,2112.82
GELD-10432,32,143314.82,Employed,699.0,30.15,1,6380.32,0.05,Personal,Los Angeles,9.1,0,Moderate,0.0,0,0.0024,0,0,0.0,15.31
GELD-10433,36,136513.27,Employed,703.0,38.44,3,9035.17,0.05,Personal,Seattle,18.8,0,Moderate,0.0024,0,0.1197,0,0,21.68,1081.51
GELD-10434,37,58455.775,Employed,667.0,51.76,0,15889.59,0.134,Personal,Los Angeles,6.3,0,High,0.0,0,0.0282,0,0,0.0,448.09
GELD-10435,65,97550.89,Self-Employed,644.0,56.91,3,12385.99,0.078,Business,Chicago,9.8,1,High,0.9953,1,0.9617,1,0,12327.78,11911.61
GELD-10436,43,26046.9,Employed,743.0,51.45,1,6663.42,0.229,Personal,Chicago,15.3,0,High,0.0,0,0.0311,0,0,0.0,207.23
GELD-10437,34,19374.12,Unemployed,694.0,69.45,2,7213.73,0.397,Business,New York,13.9,1,High,0.9943,1,0.9098,1,0,7172.61,6563.05
GELD-10438,27,52931.73,Self-Employed,666.0,44.17,2,11759.27,0.12,Personal,Denver,17.3,0,Moderate,0.0008,0,0.0219,0,0,9.41,257.53
GELD-10439,66,98342.33,Employed,603.0,46.13,1,6685.49,0.056,Personal,New York,19.9,0,Moderate,0.0,0,0.0215,0,0,0.0,143.74
GELD-10440,52,58455.775,Employed,784.0,23.75,1,7058.05,0.061,Personal,Los Angeles,8.8,0,Low,0.0,0,0.0,0,0,0.0,0.0
GELD-10441,35,46859.05,Retired,683.0,30.8,0,8581.71,0.096,Personal,Atlanta,2.7,0,Moderate,0.0,0,0.0073,0,1,0.0,62.65
GELD-10442,64,60084.09,Employed,589.0,2.27,1,11759.27,0.05,Business,New York,1.1,0,Low,0.0,0,0.0073,0,0,0.0,85.84
GELD-10443,37,109457.7,Employed,681.0,60.31,2,12841.53,0.073,Personal,New York,14.7,0,High,0.0014,0,0.0615,0,0,17.98,789.75
GELD-10444,61,34505.31,Unemployed,661.0,51.66,3,10050.66,0.193,Business,Chicago,17.5,1,High,0.9993,1,0.9609,1,0,10043.62,9657.68
GELD-10445,67,23312.74,Retired,658.0,54.45,2,28072.48,0.451,Personal,Atlanta,4.8,1,High,0.9219,1,0.746,1,0,25880.02,20942.07
GELD-10446,64,22803.51,Retired,715.0,61.61,3,6020.38,0.296,Personal,Seattle,3.6,1,High,0.9989,1,0.9072,1,0,6013.76,5461.69
GELD-10447,54,73403.25,Self-Employed,359.0,24.86,2,24112.01,0.096,Personal,Los Angeles,1.7,0,Low,0.933,1,0.0495,0,0,22496.51,1193.54
GELD-10448,25,144378.44,Employed,654.0,61.25,1,13938.4,0.057,Personal,New York,16.5,0,High,0.0,0,0.0103,0,0,0.0,143.57
GELD-10449,65,67986.55,Employed,770.0,41.82,4,29573.47,0.142,Personal,Atlanta,6.6,1,Moderate,0.9928,1,0.7724,1,0,29360.54,22842.55
GELD-10450,47,9342.46,Unemployed,553.0,25.19,0,27261.09,0.826,Personal,Denver,8.3,0,Low,0.0002,0,0.1556,0,0,5.45,4241.83
GELD-10451,43,50380.49,Employed,671.0,17.79,0,9355.84,0.069,Personal,Atlanta,10.3,0,Low,0.0,0,0.0,0,0,0.0,0.0
GELD-10452,60,72489.64,Employed,740.0,44.65,2,5190.99,0.07,Personal,Los Angeles,16.9,0,Moderate,0.0001,0,0.0104,0,0,0.52,53.99
GELD-10453,34,45379.84,Retired,719.0,23.82,0,11064.21,0.096,Personal,Atlanta,13.2,0,Low,0.0,0,0.0,0,1,0.0,0.0
GELD-10454,35,48202.23,Employed,746.0,36.67,2,3692.33,0.084,Business,Atlanta,12.5,0,Moderate,0.0001,0,0.0148,0,0,0.37,54.65
GELD-10455,63,49930.84,Employed,817.0,2.93,0,17958.08,0.077,Business,Atlanta,3.9,0,Low,0.0,0,0.0,0,1,0.0,0.0
GELD-10456,53,42544.01,Employed,794.0,52.18,3,13239.23,0.173,Personal,Denver,10.5,0,High,0.2458,0,0.4889,0,0,3254.2,6472.66
GELD-10457,51,110583.6,Employed,594.0,34.06,2,8439.15,0.05,Personal,New York,14.4,0,Moderate,0.0001,0,0.0375,0,0,0.84,316.47
GELD-10458,55,45449.23,Employed,562.0,61.3,0,9230.45,0.162,Personal,Los Angeles,19.5,0,High,0.0,0,0.1126,0,0,0.0,1039.35
GELD-10459,37,53682.51,Employed,698.0,35.64,0,6546.78,0.084,Business,Denver,4.4,0,Moderate,0.0,0,0.0,0,1,0.0,0.0
GELD-10460,48,52999.42,Employed,580.0,7.39,0,11858.51,0.057,Personal,Atlanta,0.7,0,Low,0.0,0,0.0137,0,1,0.0,162.46
GELD-10461,39,32122.73,Self-Employed,540.0,12.94,0,6666.36,0.078,Personal,Atlanta,2.0,0,Low,0.0,0,0.0191,0,0,0.0,127.33
GELD-10462,66,44867.24,Self-Employed,697.0,38.72,2,11822.19,0.13,Business,New York,7.8,0,Moderate,0.0016,0,0.03,0,0,18.92,354.67
GELD-10463,43,58455.775,Employed,715.0,33.68,0,14940.94,0.103,Personal,Los Angeles,16.5,0,Moderate,0.0,0,0.0037,0,0,0.0,55.28
GELD-10464,52,21948.18,Retired,795.0,79.19,6,17854.59,0.487,Personal,Chicago,0.6,1,Very High,1.0,1,0.7739,1,1,17854.59,13817.67
GELD-10465,60,42888.58,Employed,729.0,18.59,0,15792.37,0.113,Personal,Denver,9.4,0,Low,0.0,0,0.0024,0,0,0.0,37.9
GELD-10466,33,36328.38,Employed,809.0,19.99,1,10107.9,0.105,Personal,New York,6.9,0,Low,0.0,0,0.003,0,1,0.0,30.32
GELD-10467,40,35263.46,Retired,700.0,39.15,2,15779.45,0.189,Personal,Los Angeles,1.5,0,Moderate,0.0135,0,0.0804,0,1,213.02,1268.67
GELD-10468,55,154579.61,Employed,595.0,43.69,0,13109.2,0.05,Personal,Denver,9.3,0,Moderate,0.0,0,0.0104,0,0,0.0,136.34
GELD-10469,25,41231.38,Retired,733.0,11.48,0,13044.1,0.088,Personal,Atlanta,5.5,0,Low,0.0,0,0.0045,0,1,0.0,58.7
GELD-10470,29,68189.3,Employed,768.0,13.02,0,6529.75,0.05,Personal,Los Angeles,7.4,0,Low,0.0,0,0.0,0,0,0.0,0.0
GELD-10471,49,26525.84,Retired,702.0,12.78,1,5716.0,0.086,Business,Los Angeles,14.3,0,Low,0.0,0,0.0081,0,0,0.0,46.3
GELD-10472,26,64361.56,Employed,777.0,21.13,2,14111.9,0.073,Personal,Seattle,10.7,0,Low,0.0,0,0.0069,0,0,0.0,97.37
GELD-10473,45,64815.99,Retired,666.0,36.59,0,16184.4,0.101,Personal,Los Angeles,2.9,0,Moderate,0.0,0,0.0165,0,1,0.0,267.04
GELD-10474,51,70566.39,Employed,713.0,25.94,2,8327.87,0.057,Personal,Chicago,19.2,0,Low,0.0,0,0.0142,0,1,0.0,118.26
GELD-10475,42,115706.87,Retired,663.0,27.74,1,24453.83,0.064,Business,Los Angeles,12.9,0,Low,0.0,0,0.0024,0,0,0.0,58.69
GELD-10476,22,116630.47,Employed,842.0,75.9,2,45617.47,0.137,Personal,Chicago,15.4,0,Very High,0.0007,0,0.1494,0,0,31.93,6815.25
GELD-10477,65,58455.775,Employed,734.0,75.3,1,34617.31,0.234,Personal,Atlanta,2.0,0,Very High,0.0021,0,0.2071,0,0,72.7,7169.24
GELD-10478,25,42226.74,Retired,597.0,32.76,3,10301.15,0.119,Business,Chicago,1.4,1,Moderate,0.9959,1,0.8459,1,0,10258.92,8713.74
GELD-10479,47,137849.17,Employed,805.0,25.31,0,9322.61,0.05,Business,Denver,0.9,0,Low,0.0,0,0.0041,0,0,0.0,38.22
GELD-10480,45,70389.3,Self-Employed,624.0,64.54,2,19381.97,0.138,Personal,Atlanta,4.2,0,High,0.7725,1,0.4634,0,1,14972.57,8981.6
GELD-10481,28,124743.47,Self-Employed,676.0,26.71,1,18166.21,0.05,Business,Atlanta,8.6,0,Low,0.0,0,0.0,0,0,0.0,0.0
GELD-10482,21,162967.86,Employed,708.0,35.31,3,6198.76,0.05,Personal,Chicago,18.7,0,Moderate,0.0008,0,0.159,0,0,4.96,985.6
GELD-10483,40,60361.17,Self-Employed,713.0,45.95,1,10453.32,0.103,Personal,New York,9.4,0,Moderate,0.0,0,0.0159,0,1,0.0,166.21
GELD-10484,64,58455.775,Employed,709.0,88.69,1,17978.49,0.198,Personal,Houston,6.2,0,Very High,0.0098,0,0.283,0,1,176.19,5087.91
GELD-10485,43,58753.99,Retired,596.0,31.43,1,7060.25,0.072,Personal,Los Angeles,11.5,0,Moderate,0.0,0,0.036,0,1,0.0,254.17
GELD-10486,52,93468.06,Employed,709.0,30.38,0,7732.67,0.05,Personal,Seattle,2.7,0,Moderate,0.0,0,0.0028,0,1,0.0,21.65
GELD-10487,31,93173.71,Employed,752.0,43.32,0,8465.79,0.06,Personal,Houston,12.4,0,Moderate,0.0,0,0.0,0,0,0.0,0.0
GELD-10488,59,24202.74,Retired,750.0,33.26,0,9513.3,0.202,Personal,Los Angeles,11.6,0,Moderate,0.0,0,0.0463,0,0,0.0,440.47
GELD-10489,67,30271.66,Retired,584.0,23.97,0,4714.71,0.102,Personal,Los Angeles,15.9,0,Low,0.0,0,0.0205,0,1,0.0,96.65
GELD-10490,44,52951.4,Employed,629.0,48.31,2,18320.08,0.151,Personal,Atlanta,19.7,0,Moderate,0.0123,0,0.1223,0,0,225.34,2240.55
GELD-10491,31,114289.43,Self-Employed,602.0,55.27,1,7781.61,0.057,Personal,Los Angeles,5.4,0,High,0.0002,0,0.0656,0,0,1.56,510.47
GELD-10492,49,37952.14,Employed,699.0,43.6,1,13649.06,0.175,Personal,Seattle,10.4,0,Moderate,0.0,0,0.0132,0,0,0.0,180.17
GELD-10493,46,131327.83,Employed,566.0,45.98,2,12798.11,0.051,Personal,Los Angeles,18.2,0,Moderate,0.0069,0,0.0735,0,0,88.31,940.66
GELD-10494,36,93988.28,Employed,596.0,35.78,2,6587.76,0.05,Personal,Chicago,15.8,0,Moderate,0.0005,0,0.0314,0,0,3.29,206.86
GELD-10495,55,111235.36,Employed,628.0,5.36,1,4189.29,0.05,Personal,Houston,10.0,0,Low,0.0,0,0.0058,0,0,0.0,24.3
GELD-10496,40,43551.97,Employed,549.0,20.99,1,12752.46,0.102,Business,Chicago,18.9,0,Low,0.0,0,0.0033,0,0,0.0,42.08
GELD-10497,66,68359.52,Employed,673.0,45.03,1,11759.27,0.094,Personal,Seattle,1.6,0,Moderate,0.0,0,0.0018,0,0,0.0,21.17
GELD-10498,23,44267.9,Retired,528.0,12.93,2,15887.61,0.098,Personal,Los Angeles,18.7,0,Low,0.0002,0,0.0165,0,0,3.18,262.15
GELD-10499,21,38094.68,Retired,709.0,60.84,2,19679.5,0.247,Personal,Denver,1.5,0,High,0.3632,0,0.2019,0,0,7147.59,3973.29
GELD-10500,67,75587.47,Self-Employed,647.0,22.5,1,3557.29,0.05,Personal,Seattle,11.2,0,Low,0.0,0,0.0217,0,0,0.0,77.19
GELD-10501,21,58428.73,Employed,631.0,35.35,0,10523.45,0.09,Personal,Atlanta,17.9,0,Moderate,0.0,0,0.0071,0,1,0.0,74.72
GELD-10502,37,70322.23,Employed,643.0,41.87,0,22585.2,0.118,Business,Chicago,5.6,0,Moderate,0.0,0,0.0229,0,1,0.0,517.2
GELD-10503,22,33251.94,Unemployed,671.0,40.54,3,28634.4,0.282,Personal,Chicago,9.7,1,Moderate,0.9965,1,0.9172,1,0,28534.18,26263.47
GELD-10504,49,39146.62,Self-Employed,717.0,36.78,0,4026.32,0.105,Personal,New York,6.8,0,Moderate,0.0,0,0.0129,0,0,0.0,51.94
GELD-10505,40,132743.31,Employed,767.0,32.25,1,24129.3,0.058,Personal,Los Angeles,19.1,0,Moderate,0.0,0,0.0127,0,1,0.0,306.44
GELD-10506,26,51500.2,Retired,746.0,3.23,0,6596.52,0.05,Personal,Atlanta,16.6,0,Low,0.0,0,0.0,0,0,0.0,0.0
GELD-10507,28,16375.26,Unemployed,831.0,16.42,4,18463.72,0.316,Personal,Denver,14.3,0,Low,0.5448,1,0.2648,0,0,10059.03,4889.19
GELD-10508,49,47554.65,Retired,722.0,32.92,1,8696.32,0.099,Personal,Chicago,12.0,0,Moderate,0.0,0,0.007,0,0,0.0,60.87
GELD-10509,68,99277.52,Self-Employed,685.0,45.27,1,18920.73,0.079,Personal,Chicago,16.5,0,Moderate,0.0,0,0.0121,0,0,0.0,228.94
GELD-10510,71,37953.54,Employed,643.0,31.68,0,9729.74,0.126,Personal,Atlanta,8.1,0,Moderate,0.0,0,0.0239,0,0,0.0,232.54
GELD-10511,53,67433.03,Employed,645.0,31.17,0,5099.55,0.057,Personal,Seattle,9.2,0,Moderate,0.0,0,0.0094,0,0,0.0,47.94
GELD-10512,23,36332.51,Retired,713.0,71.76,3,8528.26,0.225,Business,Seattle,14.7,1,High,0.9997,1,0.8949,1,0,8525.7,7631.94
GELD-10513,55,34613.33,Retired,605.0,19.6,1,16715.82,0.148,Personal,Los Angeles,7.5,0,Low,0.0,0,0.0061,0,0,0.0,101.97
GELD-10514,25,68979.22,Employed,691.0,12.17,0,9382.09,0.05,Personal,New York,1.7,0,Low,0.0,0,0.0022,0,0,0.0,20.64
GELD-10515,47,50507.19,Employed,674.0,41.38,2,6349.13,0.099,Personal,Chicago,1.9,0,Moderate,0.0067,0,0.0265,0,0,42.54,168.25
GELD-10516,64,122815.46,Employed,624.0,61.05,3,5637.35,0.054,Personal,New York,2.7,1,High,0.9802,1,0.8924,1,0,5525.73,5030.77
GELD-10518,40,61850.76,Retired,850.0,62.78,3,7399.67,0.115,Personal,Seattle,9.7,0,High,0.1149,0,0.3752,0,0,850.22,2776.36
GELD-10519,65,31416.11,Employed,577.0,80.04,4,17060.52,0.338,Personal,Houston,14.4,1,Very High,1.0,1,0.9477,1,1,17060.52,16168.25
GELD-10520,40,61524.18,Employed,670.0,32.46,1,9535.9,0.078,Business,Denver,8.2,0,Moderate,0.0,0,0.0033,0,0,0.0,31.47
GELD-10521,29,66538.77,Employed,761.0,10.57,1,10105.02,0.05,Personal,Los Angeles,5.5,0,Low,0.0,0,0.003,0,0,0.0,30.32
GELD-10522,59,39547.17,Retired,712.0,47.74,0,10851.99,0.164,Business,Houston,7.3,0,Moderate,0.0,0,0.043,0,0,0.0,466.64
GELD-10523,24,18859.35,Unemployed,642.0,24.65,2,16715.0,0.295,Personal,Denver,16.0,0,Low,0.0029,0,0.1027,0,0,48.47,1716.63
GELD-10524,71,18957.23,Unemployed,592.0,49.57,2,17717.37,0.422,Personal,Houston,12.7,1,Moderate,0.965,1,0.9054,1,0,17097.26,16041.31
GELD-10525,39,92924.57,Employed,684.0,45.49,1,8811.92,0.063,Personal,Houston,18.8,0,Moderate,0.0,0,0.0021,0,0,0.0,18.51
GELD-10526,58,103751.72,Employed,490.0,43.76,0,11759.27,0.061,Personal,Los Angeles,13.8,0,Moderate,0.0,0,0.0299,0,1,0.0,351.6
GELD-10527,47,63769.33,Employed,687.0,6.92,0,17773.96,0.066,Business,Los Angeles,11.6,0,Low,0.0,0,0.0,0,0,0.0,0.0
GELD-10528,65,40397.09,Employed,677.0,40.04,3,7962.55,0.129,Personal,Atlanta,12.4,0,Moderate,0.5427,1,0.3602,0,0,4321.28,2868.11
GELD-10529,63,102511.68,Retired,750.0,27.14,0,8703.91,0.05,Personal,New York,18.9,0,Low,0.0,0,0.0031,0,0,0.0,26.98
GELD-10530,33,14340.37,Unemployed,595.0,34.7,2,17751.76,0.465,Personal,New York,15.9,0,Moderate,0.5303,1,0.6491,1,1,9413.76,11522.67
GELD-10531,33,23248.14,Retired,652.0,21.26,0,8566.56,0.156,Personal,Atlanta,1.0,0,Low,0.0,0,0.018,0,0,0.0,154.2
GELD-10532,42,15077.76,Retired,706.0,46.19,2,11759.27,0.432,Personal,Atlanta,10.9,0,Moderate,0.1052,0,0.356,0,0,1237.08,4186.3
GELD-10533,48,69199.81,Employed,689.0,71.33,1,4685.45,0.106,Business,Seattle,13.9,0,High,0.0007,0,0.0545,0,0,3.28,255.36
GELD-10534,67,23015.12,Unemployed,581.0,30.46,5,17158.56,0.268,Personal,Denver,15.1,1,Moderate,1.0,1,0.844,1,1,17158.56,14481.82
GELD-10535,65,56109.87,Retired,630.0,63.73,1,10715.94,0.14,Personal,Houston,4.7,0,High,0.0007,0,0.0631,0,0,7.5,676.18
GELD-10536,42,22486.14,Unemployed,773.0,93.07,3,15430.33,0.51,Personal,Atlanta,17.4,1,Very High,1.0,1,0.9496,1,0,15430.33,14652.64
GELD-10537,63,75402.11,Employed,693.0,15.57,0,23662.2,0.081,Personal,Chicago,19.1,0,Low,0.0,0,0.0043,0,0,0.0,101.75
GELD-10538,39,58564.55,Employed,559.0,10.79,0,9894.95,0.05,Personal,New York,5.1,0,Low,0.0,0,0.0064,0,0,0.0,63.33
GELD-10539,28,58455.775,Employed,737.0,47.43,0,4816.59,0.09,Personal,Atlanta,17.7,0,Moderate,0.0,0,0.009,0,0,0.0,43.35
GELD-10540,28,99536.31,Retired,563.0,36.62,2,9729.04,0.053,Business,Chicago,2.4,0,Moderate,0.1057,0,0.0867,0,0,1028.36,843.51
GELD-10541,62,104197.21,Employed,654.0,19.94,1,25052.79,0.065,Personal,Chicago,1.6,0,Low,0.0,0,0.0,0,0,0.0,0.0
GELD-10542,46,53713.02,Employed,714.0,1.91,0,13385.23,0.053,Personal,Chicago,3.0,0,Low,0.0,0,0.0,0,0,0.0,0.0
GELD-10543,68,94061.54,Self-Employed,760.0,72.08,2,6382.62,0.083,Personal,Seattle,1.6,0,High,0.0243,0,0.2098,0,1,155.1,1339.07
GELD-10544,71,55218.85,Employed,511.0,51.36,2,10761.7,0.123,Business,Seattle,17.0,1,High,0.8762,1,0.7674,1,0,9429.4,8258.53
GELD-10545,46,40244.14,Employed,725.0,10.56,0,16198.65,0.104,Personal,Chicago,1.7,0,Low,0.0,0,0.0055,0,0,0.0,89.09
GELD-10546,43,44153.72,Employed,735.0,44.98,2,11759.27,0.145,Personal,Denver,5.8,0,Moderate,0.0009,0,0.0521,0,0,10.58,612.66
GELD-10547,63,56320.83,Self-Employed,636.0,26.94,4,11030.24,0.082,Personal,Seattle,2.5,1,Low,0.9969,1,0.7158,1,0,10996.05,7895.45
GELD-10548,33,69340.32,Employed,681.0,37.02,4,7877.71,0.071,Personal,Houston,6.3,1,Moderate,0.995,1,0.4936,0,1,7838.32,3888.44
GELD-10549,48,54884.1,Unemployed,461.0,80.67,2,8266.41,0.162,Personal,Chicago,2.3,1,Very High,1.0,1,0.8878,1,0,8266.41,7338.92
GELD-10550,29,44499.79,Employed,483.0,5.38,0,13814.52,0.073,Personal,Houston,13.5,0,Low,0.0,0,0.0033,0,1,0.0,45.59
GELD-10551,40,69100.88,Retired,753.0,53.94,3,11759.27,0.104,Personal,Houston,3.1,0,High,0.4615,0,0.3756,0,0,5426.9,4416.78
GELD-10552,39,57367.5,Employed,637.0,13.51,0,10894.51,0.059,Personal,Chicago,17.1,0,Low,0.0,0,0.0,0,0,0.0,0.0
GELD-10553,68,26705.55,Employed,651.0,31.59,2,8987.85,0.174,Business,New York,16.4,0,Moderate,0.0012,0,0.0618,0,0,10.79,555.45
GELD-10554,59,31338.89,Retired,691.0,23.91,0,19030.86,0.19,Business,Denver,0.8,0,Low,0.0,0,0.0024,0,1,0.0,45.67
GELD-10555,71,112365.66,Employed,649.0,24.67,0,9374.86,0.05,Personal,Chicago,18.0,0,Low,0.0,0,0.0,0,0,0.0,0.0
GELD-10556,32,77273.11,Employed,643.0,21.03,1,14379.92,0.062,Personal,Chicago,1.1,0,Low,0.0,0,0.0019,0,0,0.0,27.32
GELD-10557,35,79380.1,Employed,703.0,7.81,0,11759.27,0.05,Personal,Seattle,5.2,0,Low,0.0,0,0.0,0,0,0.0,0.0
GELD-10558,51,120309.97,Self-Employed,570.0,28.92,0,5662.07,0.05,Personal,Chicago,1.1,0,Low,0.0,0,0.0408,0,1,0.0,231.01
GELD-10559,34,41508.3,Self-Employed,756.0,37.92,1,13145.58,0.146,Personal,New York,7.0,0,Moderate,0.0,0,0.007,0,0,0.0,92.02
GELD-10560,31,41221.38,Self-Employed,659.0,46.8,3,2395.9,0.114,Personal,Seattle,10.5,1,Moderate,0.9036,1,0.7248,1,0,2164.94,1736.55
GELD-10561,46,23892.55,Employed,605.0,17.46,0,11759.27,0.164,Personal,Los Angeles,16.0,0,Low,0.0,0,0.0043,0,0,0.0,50.56
GELD-10562,62,98192.68,Employed,595.0,18.19,0,17114.82,0.052,Business,Los Angeles,7.1,0,Low,0.0,0,0.0057,0,1,0.0,97.55
GELD-10563,47,58455.775,Employed,678.0,4.08,0,14796.59,0.057,Personal,Houston,14.3,0,Low,0.0,0,0.0,0,0,0.0,0.0
GELD-10564,31,91654.83,Employed,654.0,43.17,1,19535.77,0.085,Personal,Denver,4.2,0,Moderate,0.0,0,0.0028,0,0,0.0,54.7
GELD-10565,58,38857.06,Employed,567.0,30.84,3,14917.24,0.148,Business,Houston,15.1,1,Moderate,0.9612,1,0.8242,1,0,14338.45,12294.79
GELD-10566,54,32147.44,Employed,633.0,5.57,0,8730.67,0.07,Personal,New York,5.1,0,Low,0.0,0,0.0053,0,1,0.0,46.27
GELD-10567,63,36540.33,Employed,618.0,8.66,0,4800.48,0.05,Personal,Atlanta,3.3,0,Low,0.0,0,0.0056,0,0,0.0,26.88
GELD-10568,39,27352.54,Retired,763.0,19.15,1,12937.58,0.158,Personal,Denver,4.1,0,Low,0.0,0,0.0,0,0,0.0,0.0
GELD-10569,26,133156.65,Employed,684.0,27.12,2,16111.41,0.05,Personal,Los Angeles,4.1,0,Low,0.0,0,0.0042,0,1,0.0,67.67
GELD-10570,66,103782.95,Employed,785.0,27.7,2,4211.06,0.05,Personal,Houston,10.5,0,Low,0.0,0,0.0057,0,0,0.0,24.0
GELD-10571,58,21976.5,Unemployed,625.0,85.49,8,15403.33,0.49,Personal,Los Angeles,17.0,1,Very High,1.0,1,0.9889,1,1,15403.33,15232.35
GELD-10572,69,75709.84,Employed,655.0,3.56,0,12741.81,0.05,Personal,New York,2.1,0,Low,0.0,0,0.0,0,1,0.0,0.0
GELD-10573,62,48763.48,Self-Employed,702.0,58.0,1,9712.7,0.147,Business,New York,14.3,0,High,0.0,0,0.0347,0,0,0.0,337.03
GELD-10574,48,53134.21,Retired,717.0,7.72,0,15738.38,0.072,Business,Atlanta,13.3,0,Low,0.0,0,0.0,0,1,0.0,0.0
GELD-10575,21,23148.61,Retired,725.0,66.52,0,10247.35,0.347,Business,Atlanta,17.5,0,High,0.0,0,0.0958,0,0,0.0,981.7
GELD-10576,55,92745.38,Employed,613.0,45.35,3,9860.77,0.065,Personal,Seattle,5.3,1,Moderate,0.9216,1,0.8468,1,0,9087.69,8350.1
GELD-10577,60,29645.03,Retired,615.0,17.01,1,5637.67,0.09,Personal,Denver,9.3,0,Low,0.0,0,0.0028,0,0,0.0,15.79
GELD-10579,67,54592.93,Employed,779.0,35.19,1,5521.21,0.078,Personal,Houston,13.4,0,Moderate,0.0,0,0.0046,0,0,0.0,25.4
GELD-10580,27,46372.68,Employed,605.0,37.94,4,8018.77,0.108,Personal,Los Angeles,8.1,1,Moderate,1.0,1,0.8503,1,0,8018.77,6818.36
GELD-10581,31,75709.46,Retired,638.0,13.86,0,15890.46,0.058,Personal,Chicago,3.1,0,Low,0.0,0,0.0,0,1,0.0,0.0
GELD-10582,59,71655.54,Employed,726.0,37.22,2,10932.65,0.077,Personal,Atlanta,5.6,0,Moderate,0.0001,0,0.0074,0,0,1.09,80.9
GELD-10583,24,57240.58,Employed,722.0,25.01,6,33706.54,0.157,Business,Chicago,11.8,1,Low,1.0,1,0.3301,0,1,33706.54,11126.53
GELD-10584,45,93076.8,Self-Employed,714.0,39.75,1,17252.54,0.076,Personal,Houston,14.5,0,Moderate,0.0,0,0.0033,0,0,0.0,56.93
GELD-10585,32,36206.86,Employed,681.0,25.0,1,18973.57,0.167,Personal,Atlanta,2.9,0,Low,0.0,0,0.0,0,0,0.0,0.0
GELD-10586,46,108889.47,Employed,600.0,19.97,0,20178.3,0.054,Personal,Chicago,12.2,0,Low,0.0,0,0.0,0,1,0.0,0.0
GELD-10589,32,32973.42,Employed,729.0,55.41,4,5835.37,0.187,Personal,Los Angeles,14.0,1,High,1.0,1,0.8388,1,1,5835.37,4894.71
GELD-10591,71,66307.68,Self-Employed,736.0,42.45,2,24062.94,0.13,Business,Houston,6.8,0,Moderate,0.0008,0,0.0404,0,0,19.25,972.14
GELD-10592,57,105201.69,Employed,767.0,16.85,1,8322.14,0.05,Personal,Seattle,17.8,0,Low,0.0,0,0.0028,0,0,0.0,23.3
GELD-10593,66,89875.89,Employed,679.0,47.23,1,20668.14,0.093,Personal,Atlanta,3.6,0,Moderate,0.0,0,0.0225,0,0,0.0,465.03
GELD-10594,44,35470.77,Retired,705.0,44.26,2,11759.27,0.179,Personal,New York,3.9,0,Moderate,0.0025,0,0.0861,0,1,29.4,1012.47
GELD-10595,36,58455.775,Employed,746.0,61.07,1,10833.62,0.131,Business,Los Angeles,5.7,0,High,0.0003,0,0.016,0,0,3.25,173.34
GELD-10596,33,116477.81,Self-Employed,626.0,33.81,2,25864.38,0.071,Personal,Denver,2.8,0,Moderate,0.0005,0,0.041,0,0,12.93,1060.44
GELD-10597,45,60476.2,Employed,838.0,40.35,0,14180.84,0.107,Personal,Denver,5.0,0,Moderate,0.0,0,0.0021,0,0,0.0,29.78
GELD-10598,24,57584.62,Employed,761.0,26.53,2,14407.48,0.092,Business,Chicago,2.6,0,Low,0.0,0,0.036,0,1,0.0,518.67
GELD-10599,31,28272.16,Employed,712.0,78.75,4,8503.4,0.311,Personal,Atlanta,16.5,1,Very High,1.0,1,0.9612,1,0,8503.4,8173.47
GELD-10600,52,58361.84,Employed,673.0,27.67,1,7033.09,0.067,Business,New York,3.2,0,Low,0.0,0,0.0036,0,0,0.0,25.32
GELD-10601,69,30247.47,Employed,710.0,30.7,2,11766.62,0.169,Personal,Houston,15.1,0,Moderate,0.0,0,0.0234,0,0,0.0,275.34
GELD-10602,27,62852.71,Employed,566.0,59.55,0,6152.39,0.105,Personal,New York,1.4,0,High,0.0,0,0.0595,0,0,0.0,366.07
GELD-10603,66,103224.43,Employed,821.0,12.31,0,11333.58,0.05,Personal,Atlanta,19.0,0,Low,0.0,0,0.0,0,0,0.0,0.0
GELD-10604,31,25493.08,Employed,754.0,67.41,1,21779.88,0.409,Business,Atlanta,14.4,0,High,0.0057,0,0.0858,0,0,124.15,1868.71
GELD-10605,48,115311.68,Employed,777.0,63.83,5,11759.27,0.07,Personal,Seattle,0.6,1,High,1.0,1,0.7133,1,1,11759.27,8387.89
GELD-10606,61,57033.81,Employed,677.0,49.73,3,17770.72,0.141,Business,Seattle,15.4,1,Moderate,0.9638,1,0.8711,1,0,17127.42,15480.07
GELD-10607,43,65367.2,Employed,650.0,11.54,1,21972.48,0.083,Business,New York,10.5,0,Low,0.0,0,0.0028,0,0,0.0,61.52
GELD-10608,65,52781.24,Employed,628.0,34.86,2,10340.87,0.099,Personal,Houston,15.7,0,Moderate,0.0002,0,0.0508,0,0,2.07,525.32
GELD-10609,43,30608.82,Self-Employed,732.0,16.16,0,12332.8,0.128,Business,New York,10.7,0,Low,0.0,0,0.0026,0,0,0.0,32.07
GELD-10610,70,46520.8,Employed,639.0,55.36,1,9066.21,0.146,Personal,Atlanta,13.0,0,High,0.0001,0,0.0283,0,0,0.91,256.57
GELD-10611,48,69821.81,Unemployed,662.0,29.61,3,10036.41,0.067,Personal,Atlanta,15.8,0,Low,0.0909,0,0.3131,0,1,912.31,3142.4
GELD-10612,63,40407.86,Self-Employed,713.0,42.03,2,19749.28,0.191,Personal,Chicago,8.4,0,Moderate,0.0024,0,0.0729,0,1,47.4,1439.72
GELD-10613,67,32375.46,Employed,629.0,29.56,0,18676.07,0.198,Business,Seattle,0.6,0,Low,0.0,0,0.0331,0,0,0.0,618.18
GELD-10615,45,42929.84,Retired,674.0,24.34,1,17409.16,0.132,Personal,Los Angeles,7.9,0,Low,0.0,0,0.0,0,0,0.0,0.0
GELD-10616,49,57211.01,Employed,569.0,51.01,1,13629.84,0.128,Personal,Atlanta,10.2,0,High,0.0005,0,0.0772,0,0,6.81,1052.22
GELD-10617,39,66602.78,Employed,628.0,20.37,1,11759.27,0.063,Personal,Chicago,0.7,0,Low,0.0,0,0.0106,0,0,0.0,124.65
GELD-10618,53,58455.775,Unemployed,767.0,34.03,3,22888.7,0.131,Personal,New York,10.1,0,Moderate,0.0283,0,0.4158,0,1,647.75,9517.12
GELD-10619,56,50806.34,Self-Employed,609.0,42.42,1,7072.04,0.103,Business,Seattle,19.7,0,Moderate,0.0,0,0.0721,0,1,0.0,509.89
GELD-10620,34,72220.89,Employed,738.0,27.95,4,11383.45,0.066,Business,Seattle,5.9,1,Low,0.9618,1,0.6987,1,0,10948.6,7953.62
GELD-10621,34,104897.99,Employed,684.0,59.62,1,20169.98,0.09,Personal,Houston,8.2,0,High,0.0,0,0.0361,0,1,0.0,728.14
GELD-10622,55,42282.14,Employed,663.0,8.04,0,5214.82,0.05,Business,New York,13.9,0,Low,0.0,0,0.0061,0,1,0.0,31.81
GELD-10623,50,23272.28,Employed,850.0,54.43,1,17583.6,0.362,Personal,Houston,16.4,0,High,0.0,0,0.0434,0,0,0.0,763.13
GELD-10624,48,89488.36,Employed,585.0,67.52,2,5911.95,0.081,Business,Chicago,8.6,1,High,0.9659,1,0.7221,1,0,5710.35,4269.02
GELD-10625,37,204093.43,Employed,623.0,25.67,0,17272.05,0.05,Personal,Denver,6.5,0,Low,0.0,0,0.003,0,0,0.0,51.82
GELD-10626,23,65952.52,Employed,673.0,16.35,1,11759.27,0.058,Personal,Los Angeles,18.8,0,Low,0.0,0,0.0,0,0,0.0,0.0
GELD-10627,36,72465.76,Self-Employed,844.0,41.56,0,7765.79,0.073,Personal,New York,13.7,0,Moderate,0.0,0,0.0075,0,1,0.0,58.24
GELD-10628,66,57923.95,Employed,674.0,10.36,1,7182.78,0.05,Business,New York,2.8,0,Low,0.0,0,0.0028,0,0,0.0,20.11
GELD-10629,50,135215.81,Employed,694.0,50.52,1,12652.65,0.052,Personal,New York,1.8,0,High,0.0,0,0.02,0,1,0.0,253.05
GELD-10630,49,63895.83,Self-Employed,651.0,13.02,1,7048.68,0.05,Personal,Houston,9.9,0,Low,0.0,0,0.0,0,0,0.0,0.0
GELD-10631,65,30790.99,Retired,700.0,56.21,2,3273.65,0.186,Personal,Chicago,4.8,0,High,0.1024,0,0.1725,0,0,335.22,564.7
GELD-10632,35,99696.79,Employed,656.0,35.21,3,11906.23,0.056,Personal,New York,5.5,0,Moderate,0.0894,0,0.3609,0,1,1064.42,4296.96
GELD-10633,66,53214.02,Employed,724.0,8.51,0,11759.27,0.059,Personal,Denver,17.6,0,Low,0.0,0,0.0088,0,0,0.0,103.48
GELD-10635,71,98423.53,Employed,659.0,18.63,0,12937.06,0.05,Business,Seattle,14.4,0,Low,0.0,0,0.0131,0,0,0.0,169.48
GELD-10636,58,50706.21,Employed,596.0,37.85,2,22682.02,0.157,Personal,Los Angeles,5.8,0,Moderate,0.1144,0,0.1868,0,0,2594.82,4237.0
GELD-10637,62,42661.11,Employed,682.0,12.79,0,9752.5,0.073,Personal,Seattle,15.3,0,Low,0.0,0,0.0056,0,1,0.0,54.61
GELD-10638,67,170249.74,Employed,773.0,39.66,0,10551.48,0.05,Personal,Seattle,14.6,0,Moderate,0.0,0,0.0031,0,0,0.0,32.71
GELD-10639,58,61061.17,Employed,617.0,38.92,1,11946.07,0.096,Business,Los Angeles,0.6,0,Moderate,0.0003,0,0.0404,0,0,3.58,482.62
GELD-10640,43,82652.61,Employed,698.0,32.6,2,10012.78,0.06,Business,Denver,10.4,0,Moderate,0.0001,0,0.008,0,0,1.0,80.1
GELD-10641,45,67056.29,Employed,591.0,47.94,1,10014.33,0.094,Personal,Chicago,3.2,0,Moderate,0.0003,0,0.0354,0,0,3.0,354.51
GELD-10642,62,44407.17,Employed,602.0,31.92,3,33697.04,0.216,Personal,Seattle,17.4,1,Moderate,0.794,1,0.6113,1,1,26755.45,20599.0
GELD-10643,27,90241.54,Employed,766.0,11.67,0,13035.61,0.05,Personal,Chicago,17.5,0,Low,0.0,0,0.0,0,0,0.0,0.0
GELD-10644,42,76233.83,Employed,723.0,30.66,0,10116.41,0.063,Personal,Seattle,8.7,0,Moderate,0.0,0,0.001,0,0,0.0,10.12
GELD-10645,37,31601.81,Retired,699.0,17.49,2,27738.61,0.225,Business,Atlanta,9.2,0,Low,0.0001,0,0.0328,0,0,2.77,909.83
GELD-10646,38,80413.36,Employed,512.0,39.61,1,23184.43,0.102,Personal,Los Angeles,6.4,0,Moderate,0.0008,0,0.0313,0,0,18.55,725.67
GELD-10647,69,52499.58,Self-Employed,636.0,44.82,0,17580.79,0.144,Personal,Seattle,14.5,0,Moderate,0.0,0,0.0217,0,0,0.0,381.5
GELD-10648,61,11707.93,Unemployed,717.0,61.36,4,8384.83,0.615,Personal,Atlanta,7.5,1,High,1.0,1,0.9793,1,0,8384.83,8211.26
GELD-10649,30,38462.91,Employed,574.0,4.8,0,62281.35,0.335,Business,Houston,5.7,0,Low,0.0,0,0.0205,0,0,0.0,1276.77
GELD-10651,27,55701.99,Employed,729.0,46.14,2,4151.73,0.089,Personal,New York,2.3,0,Moderate,0.0005,0,0.0158,0,0,2.08,65.6
GELD-10652,68,58455.775,Employed,569.0,25.24,2,15210.5,0.091,Personal,Seattle,15.1,0,Low,0.0002,0,0.0399,0,0,3.04,606.9
GELD-10653,70,64904.28,Self-Employed,557.0,25.45,1,9758.09,0.065,Business,Atlanta,0.7,0,Low,0.0,0,0.0194,0,0,0.0,189.31
GELD-10654,58,46474.48,Employed,570.0,10.6,0,2734.63,0.05,Personal,Chicago,13.1,0,Low,0.0,0,0.0,0,0,0.0,0.0
GELD-10655,47,71041.39,Employed,698.0,19.15,0,11109.2,0.056,Personal,Houston,4.1,0,Low,0.0,0,0.0,0,0,0.0,0.0
GELD-10656,53,36959.56,Employed,636.0,70.42,3,12674.23,0.24,Personal,Denver,5.0,1,High,1.0,1,0.9339,1,0,12674.23,11836.46
GELD-10657,21,63712.81,Employed,736.0,27.52,1,10927.62,0.073,Personal,Seattle,12.9,0,Low,0.0,0,0.0307,0,1,0.0,335.48
GELD-10658,64,76391.37,Self-Employed,683.0,45.56,2,14491.74,0.092,Personal,New York,19.9,0,Moderate,0.0001,0,0.0436,0,0,1.45,631.84
GELD-10659,54,72261.92,Employed,807.0,37.57,0,9119.15,0.072,Personal,Denver,15.7,0,Moderate,0.0,0,0.0,0,0,0.0,0.0
GELD-10660,24,118926.39,Employed,588.0,48.7,1,11123.55,0.056,Personal,Atlanta,4.9,0,Moderate,0.0,0,0.0226,0,0,0.0,251.39
GELD-10661,37,108452.73,Retired,698.0,27.29,0,11759.27,0.05,Personal,Denver,3.9,0,Low,0.0,0,0.0,0,0,0.0,0.0
GELD-10662,24,89512.08,Employed,619.0,18.24,0,21489.09,0.066,Personal,Denver,17.4,0,Low,0.0,0,0.0026,0,0,0.0,55.87
GELD-10663,63,112471.86,Employed,717.0,80.9,5,10666.12,0.084,Business,Houston,9.2,1,Very High,1.0,1,0.8896,1,0,10666.12,9488.58
GELD-10664,46,207847.14,Employed,683.0,62.81,2,16796.69,0.05,Personal,Denver,3.2,0,High,0.0013,0,0.1768,0,1,21.84,2969.65
GELD-10665,24,42074.55,Employed,605.0,57.66,1,20418.06,0.22,Business,Denver,17.3,0,High,0.0042,0,0.0957,0,0,85.76,1954.01
GELD-10666,21,70177.45,Employed,664.0,9.77,2,6887.52,0.05,Personal,Seattle,16.4,0,Low,0.0,0,0.0058,0,0,0.0,39.95
GELD-10667,27,53364.53,Employed,680.0,48.22,1,11759.27,0.125,Personal,Houston,19.7,0,Moderate,0.0,0,0.0088,0,0,0.0,103.48
GELD-10668,50,96683.3,Employed,633.0,66.03,1,13277.04,0.089,Personal,New York,18.2,0,High,0.0,0,0.0784,0,1,0.0,1040.92
GELD-10669,70,74774.22,Employed,726.0,9.29,0,17936.25,0.059,Personal,Atlanta,17.1,0,Low,0.0,0,0.0,0,0,0.0,0.0
GELD-10670,29,45784.71,Employed,603.0,23.73,0,6861.03,0.077,Personal,Houston,1.5,0,Low,0.0,0,0.0172,0,0,0.0,118.01
GELD-10671,55,36789.94,Retired,821.0,24.77,2,11759.27,0.125,Personal,Houston,2.5,0,Low,0.0,0,0.0057,0,0,0.0,67.03
GELD-10672,28,105991.61,Employed,742.0,40.71,1,7687.95,0.05,Personal,Los Angeles,11.6,0,Moderate,0.0,0,0.0054,0,0,0.0,41.51
GELD-10673,44,36802.61,Employed,699.0,27.52,0,14753.33,0.147,Business,Houston,10.9,0,Low,0.0,0,0.0,0,0,0.0,0.0
GELD-10674,39,46221.25,Employed,850.0,47.28,1,7367.8,0.124,Personal,Los Angeles,9.4,0,Moderate,0.0,0,0.0282,0,1,0.0,207.77
GELD-10675,56,25899.21,Retired,653.0,57.8,2,8715.14,0.268,Business,Atlanta,8.2,1,High,0.9082,1,0.3876,0,1,7915.09,3377.99
GELD-10676,70,76640.31,Employed,718.0,32.87,2,13011.42,0.073,Personal,Denver,8.9,0,Moderate,0.0,0,0.0109,0,0,0.0,141.82
GELD-10677,63,115639.43,Employed,691.0,58.01,0,6876.41,0.057,Personal,Seattle,11.6,0,High,0.0,0,0.0271,0,0,0.0,186.35
GELD-10678,47,15642.46,Retired,731.0,27.26,2,11759.27,0.307,Personal,Seattle,0.5,0,Low,0.0004,0,0.0542,0,0,4.7,637.35
GELD-10679,52,58455.775,Retired,780.0,27.47,0,22550.36,0.119,Personal,Atlanta,5.6,0,Low,0.0,0,0.0,0,0,0.0,0.0
GELD-10680,34,13072.46,Unemployed,713.0,60.9,2,8216.97,0.545,Personal,Atlanta,10.6,1,High,0.9858,1,0.8116,1,1,8100.29,6668.89
GELD-10681,38,104029.65,Employed,748.0,40.27,1,11759.27,0.057,Personal,Chicago,14.6,0,Moderate,0.0,0,0.001,0,0,0.0,11.76
GELD-10682,48,59478.15,Employed,636.0,22.47,0,6215.67,0.055,Personal,Denver,3.9,0,Low,0.0,0,0.015,0,1,0.0,93.24
GELD-10683,49,70178.92,Self-Employed,661.0,37.83,1,11386.1,0.081,Personal,Atlanta,11.2,0,Moderate,0.0,0,0.0091,0,1,0.0,103.61
GELD-10684,36,37480.81,Retired,790.0,55.36,1,31140.02,0.299,Personal,Houston,14.4,0,High,0.0,0,0.085,0,1,0.0,2646.9
GELD-10685,55,109743.21,Employed,717.0,14.61,0,11116.42,0.05,Business,Seattle,9.2,0,Low,0.0,0,0.0087,0,1,0.0,96.71
GELD-10686,67,166355.81,Employed,692.0,45.29,2,17149.46,0.05,Business,New York,1.0,0,Moderate,0.0004,0,0.0454,0,0,6.86,778.59
GELD-10687,51,39711.68,Employed,622.0,77.11,1,9599.64,0.223,Personal,Seattle,9.3,0,Very High,0.0449,0,0.2951,0,0,431.02,2832.85
GELD-10688,24,19362.67,Unemployed,743.0,52.9,2,13514.43,0.385,Business,Los Angeles,6.3,1,High,0.9559,1,0.9322,1,0,12918.44,12598.15
GELD-10689,57,76471.55,Employed,620.0,49.95,2,10678.46,0.087,Personal,Seattle,18.6,0,Moderate,0.0043,0,0.1647,0,0,45.92,1758.74
GELD-10690,37,45826.55,Employed,600.0,44.79,2,17018.44,0.162,Personal,Chicago,2.9,0,Moderate,0.36,0,0.1538,0,0,6126.64,2617.44
GELD-10691,59,100721.31,Employed,683.0,39.06,0,6126.96,0.05,Business,Denver,13.2,0,Moderate,0.0,0,0.0078,0,0,0.0,47.79
GELD-10692,68,108266.69,Employed,507.0,51.31,2,12646.32,0.066,Personal,Atlanta,1.5,1,High,0.7223,1,0.3741,0,1,9134.44,4730.99
GELD-10694,46,46929.8,Employed,701.0,19.56,1,15329.7,0.103,Personal,Atlanta,11.3,0,Low,0.0,0,0.0,0,1,0.0,0.0
GELD-10695,68,58474.7,Employed,650.0,46.2,1,11759.27,0.111,Personal,Seattle,6.3,0,Moderate,0.0,0,0.0292,0,0,0.0,343.37
GELD-10696,59,69342.15,Employed,657.0,42.02,2,9085.44,0.081,Personal,New York,9.4,0,Moderate,0.0005,0,0.0158,0,0,4.54,143.55
GELD-10697,61,76242.68,Employed,667.0,15.73,0,17337.1,0.064,Business,New York,3.7,0,Low,0.0,0,0.0,0,0,0.0,0.0
GELD-10698,24,24010.16,Employed,620.0,46.35,0,11759.27,0.272,Personal,Chicago,6.4,0,Moderate,0.0,0,0.0547,0,0,0.0,643.23
GELD-10699,50,42815.05,Employed,688.0,53.46,2,34210.82,0.272,Personal,Los Angeles,12.6,0,High,0.1868,0,0.2468,0,0,6390.58,8443.23
GELD-10700,50,55168.93,Employed,658.0,32.04,1,8798.93,0.084,Business,Seattle,6.4,0,Moderate,0.0,0,0.0083,0,1,0.0,73.03
GELD-10701,42,46228.64,Employed,683.0,71.38,3,3669.0,0.155,Personal,Atlanta,18.0,1,High,0.9975,1,0.9288,1,0,3659.83,3407.77
GELD-10702,31,18231.03,Employed,664.0,11.56,0,11759.27,0.186,Personal,Seattle,12.8,0,Low,0.0,0,0.0137,0,0,0.0,161.1
GELD-10703,22,28289.12,Employed,650.0,30.18,1,11759.27,0.179,Personal,Chicago,9.1,0,Moderate,0.0,0,0.0102,0,1,0.0,119.94
GELD-10704,64,36775.56,Employed,694.0,57.96,3,18421.8,0.242,Personal,Houston,1.3,1,High,0.9975,1,0.9062,1,0,18375.75,16693.84
GELD-10705,32,40556.69,Retired,730.0,62.63,3,12065.36,0.198,Business,Houston,10.2,1,High,0.9951,1,0.9175,1,0,12006.24,11069.97
GELD-10706,50,54377.68,Employed,638.0,40.31,3,15351.73,0.123,Personal,Chicago,15.4,0,Moderate,0.7572,1,0.4928,0,0,11624.33,7565.33
GELD-10707,56,58455.775,Unemployed,703.0,91.45,5,16891.52,0.199,Business,Atlanta,5.7,1,Very High,1.0,1,0.9875,1,0,16891.52,16680.38
GELD-10708,38,94696.44,Employed,711.0,27.36,0,22560.53,0.074,Personal,Denver,16.2,0,Low,0.0,0,0.0,0,0,0.0,0.0
GELD-10709,46,94680.2,Self-Employed,585.0,33.69,1,11759.27,0.057,Business,Chicago,5.4,0,Moderate,0.0,0,0.0129,0,0,0.0,151.69
GELD-10710,27,20255.13,Unemployed,743.0,57.62,4,3550.35,0.291,Personal,Atlanta,16.6,1,High,1.0,1,0.9435,1,0,3550.35,3349.76
GELD-10711,21,58455.775,Employed,819.0,30.66,0,7682.92,0.073,Business,New York,2.2,0,Moderate,0.0,0,0.0029,0,0,0.0,22.28
GELD-10712,46,45003.82,Employed,669.0,6.6,0,10073.48,0.058,Personal,Chicago,17.4,0,Low,0.0,0,0.0,0,0,0.0,0.0
GELD-10713,43,47493.75,Employed,663.0,51.41,2,13626.09,0.155,Business,Atlanta,10.2,0,High,0.21,0,0.1557,0,0,2861.48,2121.58
GELD-10714,46,30685.88,Employed,660.0,14.93,1,13028.37,0.129,Personal,Chicago,6.3,0,Low,0.0,0,0.0,0,1,0.0,0.0
GELD-10715,65,37467.2,Retired,718.0,50.54,3,13431.75,0.193,Personal,Chicago,5.7,1,High,0.9482,1,0.9183,1,0,12735.99,12334.38
GELD-10716,26,26010.31,Unemployed,711.0,39.02,4,4732.35,0.171,Business,Denver,8.9,1,Moderate,1.0,1,0.8744,1,0,4732.35,4137.97
GELD-10717,26,62606.37,Retired,564.0,18.15,0,7503.43,0.05,Personal,Denver,20.0,0,Low,0.0,0,0.003,0,0,0.0,22.51
GELD-10718,64,59269.44,Employed,614.0,50.77,4,9962.14,0.111,Business,Atlanta,4.8,1,High,1.0,1,0.9099,1,0,9962.14,9064.55
GELD-10719,28,82557.56,Self-Employed,711.0,13.78,1,11043.33,0.05,Personal,Atlanta,2.5,0,Low,0.0,0,0.0033,0,0,0.0,36.44
GELD-10721,42,54457.85,Employed,593.0,25.39,2,14081.33,0.094,Personal,Chicago,10.0,0,Low,0.0006,0,0.0202,0,0,8.45,284.44
GELD-10722,39,53886.59,Employed,780.0,16.35,2,6095.24,0.05,Personal,Houston,10.7,0,Low,0.0,0,0.0048,0,0,0.0,29.26
GELD-10723,57,129446.86,Self-Employed,619.0,31.86,1,9049.35,0.05,Personal,Chicago,13.5,0,Moderate,0.0,0,0.0145,0,0,0.0,131.22
GELD-10724,38,78969.74,Employed,678.0,38.74,1,16346.77,0.086,Personal,Chicago,5.7,0,Moderate,0.0,0,0.0174,0,1,0.0,284.43
GELD-10725,51,58455.775,Unemployed,663.0,34.21,2,13666.12,0.099,Personal,Atlanta,18.3,0,Moderate,0.0005,0,0.1134,0,0,6.83,1549.74
GELD-10726,57,80744.71,Employed,599.0,24.04,0,11759.27,0.056,Personal,Chicago,9.0,0,Low,0.0,0,0.0,0,0,0.0,0.0
GELD-10727,50,58455.775,Unemployed,688.0,66.18,1,11759.27,0.142,Personal,Seattle,3.0,0,High,0.0029,0,0.1305,0,0,34.1,1534.58
GELD-10728,62,131869.02,Employed,702.0,20.3,0,9084.74,0.05,Personal,Chicago,15.0,0,Low,0.0,0,0.0,0,0,0.0,0.0
GELD-10729,53,23449.96,Employed,642.0,12.03,3,9887.0,0.13,Personal,Seattle,13.0,0,Low,0.0069,0,0.1833,0,0,68.22,1812.29
GELD-10730,30,70671.29,Employed,651.0,48.08,1,8934.88,0.087,Personal,Denver,6.7,0,Moderate,0.0,0,0.0089,0,0,0.0,79.52
GELD-10731,57,38455.89,Unemployed,717.0,52.49,4,9714.32,0.173,Personal,Houston,12.6,1,High,1.0,1,0.9144,1,1,9714.32,8882.77
GELD-10732,32,28250.68,Self-Employed,537.0,38.74,3,14435.14,0.226,Business,Atlanta,4.8,1,Moderate,1.0,1,0.8877,1,0,14435.14,12814.07
GELD-10733,50,96477.3,Employed,616.0,34.11,0,11759.27,0.056,Business,Chicago,9.2,0,Moderate,0.0,0,0.0188,0,0,0.0,221.07
GELD-10734,47,46979.97,Employed,690.0,8.14,1,5498.57,0.05,Personal,Seattle,18.0,0,Low,0.0,0,0.0028,0,1,0.0,15.4
GELD-10735,59,35499.23,Retired,638.0,37.43,1,35420.92,0.294,Personal,Seattle,3.1,0,Moderate,0.0001,0,0.0446,0,0,3.54,1579.77
GELD-10736,29,46575.89,Employed,637.0,13.13,1,8726.37,0.063,Business,Denver,8.0,0,Low,0.0,0,0.0,0,0,0.0,0.0
GELD-10737,41,35171.77,Unemployed,738.0,29.96,0,16015.75,0.168,Personal,Seattle,16.5,0,Low,0.0,0,0.0689,0,0,0.0,1103.49
GELD-10738,32,58118.37,Employed,631.0,21.82,1,6355.05,0.056,Personal,New York,19.4,0,Low,0.0,0,0.0056,0,0,0.0,35.59
GELD-10739,49,96819.97,Employed,814.0,70.29,4,29074.17,0.125,Personal,Los Angeles,9.4,1,High,0.9999,1,0.8714,1,0,29071.26,25335.23
GELD-10740,53,80490.82,Employed,552.0,34.97,3,16695.85,0.081,Business,Houston,10.4,1,Moderate,0.9721,1,0.7388,1,0,16230.04,12334.89
GELD-10741,63,46295.19,Employed,520.0,41.74,3,15206.58,0.147,Personal,Denver,11.7,1,Moderate,0.9978,1,0.793,1,1,15173.13,12058.82
GELD-10742,35,82937.01,Self-Employed,737.0,51.05,3,10858.1,0.082,Personal,Denver,18.7,0,High,0.0518,0,0.4004,0,0,562.45,4347.58
GELD-10743,22,49089.18,Employed,606.0,14.81,0,4007.67,0.05,Business,Chicago,17.2,0,Low,0.0,0,0.0103,0,0,0.0,41.28
GELD-10744,59,68108.52,Employed,607.0,42.54,1,32783.91,0.152,Business,New York,3.8,0,Moderate,0.0002,0,0.0503,0,0,6.56,1649.03
GELD-10745,64,35080.98,Retired,744.0,47.93,1,20175.3,0.238,Personal,Chicago,9.0,0,Moderate,0.0,0,0.0627,0,1,0.0,1264.99
GELD-10746,38,99206.65,Employed,640.0,25.54,0,9967.77,0.05,Personal,Chicago,9.5,0,Low,0.0,0,0.0028,0,0,0.0,27.91
GELD-10747,23,84385.01,Employed,739.0,69.2,2,16109.31,0.112,Business,Atlanta,15.9,0,High,0.0685,0,0.1171,0,0,1103.49,1886.4
GELD-10748,27,36025.81,Retired,632.0,41.53,2,5506.21,0.134,Personal,Atlanta,12.3,0,Moderate,0.0084,0,0.0208,0,0,46.25,114.53
GELD-10749,63,48602.47,Self-Employed,700.0,22.61,1,3850.94,0.058,Personal,Atlanta,13.3,0,Low,0.0,0,0.0112,0,1,0.0,43.13
GELD-10750,38,37382.35,Employed,639.0,42.93,0,12208.26,0.169,Personal,New York,20.0,0,Moderate,0.0,0,0.0158,0,0,0.0,192.89
GELD-10751,64,43435.43,Retired,611.0,23.12,2,7491.23,0.082,Business,Chicago,2.0,0,Low,0.0035,0,0.0552,0,0,26.22,413.52
GELD-10752,58,49785.0,Self-Employed,796.0,62.27,0,9049.24,0.149,Personal,Los Angeles,4.8,0,High,0.0,0,0.0332,0,0,0.0,300.43
GELD-10753,57,28421.52,Employed,753.0,20.46,2,11712.15,0.147,Business,Houston,8.5,0,Low,0.0,0,0.0102,0,0,0.0,119.46
GELD-10754,53,36369.55,Employed,624.0,11.03,1,5929.13,0.06,Business,Atlanta,7.3,0,Low,0.0,0,0.0,0,0,0.0,0.0
GELD-10755,64,59182.07,Unemployed,663.0,53.97,2,11520.53,0.121,Personal,Atlanta,0.9,0,High,0.4445,0,0.2509,0,0,5120.88,2890.5
GELD-10756,51,49168.61,Self-Employed,778.0,57.85,4,11759.27,0.154,Personal,Denver,2.3,1,High,0.9998,1,0.8747,1,0,11756.92,10285.83
GELD-10757,31,107685.83,Employed,606.0,39.45,0,22191.92,0.074,Personal,Chicago,13.8,0,Moderate,0.0,0,0.0296,0,0,0.0,656.88
GELD-10758,24,31125.47,Retired,610.0,43.78,1,11382.1,0.2,Personal,Chicago,17.6,0,Moderate,0.0,0,0.0258,0,0,0.0,293.66
GELD-10759,38,29700.77,Unemployed,708.0,28.04,3,16589.66,0.197,Personal,New York,10.5,0,Low,0.1602,0,0.3422,0,0,2657.66,5676.98
GELD-10760,24,111884.66,Employed,834.0,20.24,0,4173.27,0.05,Personal,New York,11.0,0,Low,0.0,0,0.005,0,0,0.0,20.87
GELD-10761,69,45635.31,Employed,679.0,74.76,1,17220.48,0.223,Personal,Atlanta,5.5,0,High,0.0134,0,0.1118,0,1,230.75,1925.25
GELD-10762,54,27049.15,Employed,748.0,28.63,1,29683.13,0.315,Business,Chicago,15.5,0,Low,0.0,0,0.0146,0,1,0.0,433.37
GELD-10763,49,28099.46,Self-Employed,604.0,22.98,1,12972.23,0.166,Personal,Los Angeles,15.2,0,Low,0.0,0,0.0064,0,0,0.0,83.02
GELD-10764,44,58455.775,Employed,700.0,12.2,0,16535.83,0.075,Personal,Houston,12.0,0,Low,0.0,0,0.0028,0,0,0.0,46.3
GELD-10765,42,154869.1,Employed,650.0,63.04,2,10479.22,0.05,Personal,Chicago,4.6,0,High,0.031,0,0.1275,0,1,324.86,1336.1
GELD-10766,22,17271.41,Unemployed,806.0,23.21,2,15141.17,0.296,Personal,Denver,2.4,0,Low,0.0001,0,0.081,0,0,1.51,1226.43
GELD-10767,64,49235.88,Retired,787.0,22.22,0,31593.59,0.169,Personal,Chicago,1.8,0,Low,0.0,0,0.0028,0,0,0.0,88.46
GELD-10768,26,118955.12,Employed,835.0,7.6,0,46525.45,0.084,Personal,Seattle,12.1,0,Low,0.0,0,0.003,0,0,0.0,139.58
GELD-10769,62,25682.99,Unemployed,626.0,41.33,3,14622.38,0.259,Personal,New York,16.6,1,Moderate,0.9878,1,0.9463,1,0,14443.99,13837.16
GELD-10770,45,68470.0,Employed,677.0,24.54,1,6556.36,0.051,Personal,Denver,17.2,0,Low,0.0,0,0.0,0,0,0.0,0.0
GELD-10771,41,32485.15,Unemployed,701.0,40.33,2,17570.63,0.22,Personal,Houston,9.5,0,Moderate,0.0088,0,0.3412,0,1,154.62,5995.1
GELD-10772,36,75360.34,Employed,629.0,31.31,2,5752.64,0.053,Personal,Atlanta,15.8,0,Moderate,0.0001,0,0.0099,0,0,0.58,56.95
GELD-10773,51,63274.63,Employed,684.0,10.18,1,8311.11,0.05,Personal,Denver,19.0,0,Low,0.0,0,0.0,0,0,0.0,0.0
GELD-10774,34,16549.39,Unemployed,739.0,25.18,2,8900.73,0.245,Business,Chicago,5.9,0,Low,0.0038,0,0.1557,0,0,33.82,1385.84
GELD-10775,59,58455.775,Employed,636.0,33.84,3,41138.71,0.193,Personal,Atlanta,8.3,0,Moderate,0.8636,1,0.4419,0,0,35527.39,18179.2
GELD-10776,48,108280.45,Employed,626.0,51.27,0,28487.64,0.095,Personal,Chicago,18.7,0,High,0.0,0,0.0327,0,0,0.0,931.55
GELD-10777,52,58455.775,Self-Employed,621.0,70.07,1,25159.12,0.194,Personal,Atlanta,7.1,0,High,0.0181,0,0.1545,0,0,455.38,3887.08
GELD-10778,48,75472.56,Self-Employed,581.0,26.33,0,19780.72,0.084,Personal,Houston,18.3,0,Low,0.0,0,0.0092,0,1,0.0,181.98
GELD-10779,71,92950.51,Self-Employed,735.0,51.19,5,11759.27,0.075,Personal,New York,19.6,1,High,1.0,1,0.8285,1,0,11759.27,9742.56
GELD-10780,69,74710.72,Self-Employed,626.0,20.7,1,13929.03,0.062,Personal,Houston,13.4,0,Low,0.0,0,0.0058,0,1,0.0,80.79
GELD-10781,29,63621.18,Employed,618.0,82.05,3,36415.53,0.231,Personal,Seattle,16.4,1,Very High,1.0,1,0.9429,1,0,36415.53,34336.2
GELD-10782,65,83401.01,Employed,712.0,38.11,0,15811.96,0.079,Personal,Los Angeles,15.1,0,Moderate,0.0,0,0.0111,0,1,0.0,175.51
GELD-10783,42,113006.4,Employed,674.0,35.89,0,22428.52,0.068,Personal,New York,14.1,0,Moderate,0.0,0,0.0138,0,1,0.0,309.51
GELD-10784,52,44406.32,Employed,638.0,52.0,2,4601.34,0.126,Personal,Houston,6.5,0,High,0.0492,0,0.1254,0,0,226.39,577.01
GELD-10785,25,19351.42,Retired,732.0,34.55,2,11759.27,0.282,Personal,Seattle,1.6,0,Moderate,0.0023,0,0.1306,0,0,27.05,1535.76
GELD-10786,43,52059.69,Employed,635.0,40.23,1,6421.46,0.094,Business,Los Angeles,7.2,0,Moderate,0.0001,0,0.0253,0,1,0.64,162.46
GELD-10787,25,72783.74,Employed,523.0,40.4,1,10587.81,0.079,Personal,Seattle,13.5,0,Moderate,0.0,0,0.0445,0,1,0.0,471.16
GELD-10788,62,97874.59,Employed,768.0,87.95,2,28373.73,0.139,Personal,Chicago,2.5,0,Very High,0.5675,1,0.3701,0,1,16102.09,10501.12
GELD-10789,52,23247.59,Retired,617.0,50.53,1,11759.27,0.297,Personal,Chicago,0.7,0,High,0.0068,0,0.1255,0,1,79.96,1475.79
GELD-10790,30,58455.775,Employed,625.0,51.97,2,19712.53,0.147,Personal,Atlanta,3.2,1,High,0.3188,0,0.6075,1,0,6284.35,11975.36
GELD-10791,59,52614.56,Employed,625.0,15.89,1,10818.49,0.068,Personal,New York,14.5,0,Low,0.0,0,0.0,0,0,0.0,0.0
GELD-10792,35,60641.73,Employed,679.0,8.17,0,3806.22,0.05,Personal,Chicago,19.5,0,Low,0.0,0,0.0026,0,0,0.0,9.9
GELD-10793,27,39221.37,Employed,656.0,62.95,1,6896.92,0.18,Personal,Denver,19.7,0,High,0.0001,0,0.0911,0,1,0.69,628.31
GELD-10794,49,47087.32,Employed,744.0,24.1,0,18181.24,0.123,Personal,Seattle,10.1,0,Low,0.0,0,0.0,0,0,0.0,0.0
GELD-10795,67,54324.92,Retired,790.0,91.79,3,14777.02,0.206,Personal,New York,17.5,1,Very High,0.9931,1,0.883,1,0,14675.06,13048.11
GELD-10796,23,58455.775,Retired,627.0,15.32,2,32776.3,0.136,Personal,Denver,14.9,0,Low,0.0,0,0.0245,0,0,0.0,803.02
GELD-10797,39,77306.24,Employed,609.0,12.15,0,13042.41,0.05,Personal,Chicago,10.3,0,Low,0.0,0,0.0,0,0,0.0,0.0
GELD-10798,30,56384.13,Self-Employed,638.0,53.35,0,7074.96,0.11,Personal,Atlanta,11.7,0,High,0.0,0,0.0082,0,0,0.0,58.01
GELD-10800,49,56201.34,Self-Employed,667.0,22.5,3,21997.77,0.114,Business,Atlanta,18.8,0,Low,0.0338,0,0.1213,0,0,743.52,2668.33
GELD-10801,35,82825.9,Employed,640.0,34.89,0,4212.21,0.05,Personal,Denver,7.4,0,Moderate,0.0,0,0.0137,0,0,0.0,57.71
GELD-10802,55,33823.32,Employed,584.0,60.92,0,14874.28,0.25,Personal,Los Angeles,9.2,0,High,0.0,0,0.162,0,1,0.0,2409.63
GELD-10803,26,139048.3,Employed,520.0,41.76,0,5674.31,0.05,Personal,Chicago,13.6,0,Moderate,0.0,0,0.0275,0,1,0.0,156.04
GELD-10804,32,85706.7,Employed,605.0,16.14,0,13328.07,0.05,Business,Denver,7.0,0,Low,0.0,0,0.0,0,0,0.0,0.0
GELD-10805,67,51992.46,Self-Employed,764.0,32.38,2,18692.29,0.128,Personal,Los Angeles,5.5,0,Moderate,0.0,0,0.0268,0,0,0.0,500.95
GELD-10806,58,61653.74,Retired,706.0,34.67,1,16833.47,0.105,Personal,Los Angeles,12.8,0,Moderate,0.0,0,0.006,0,0,0.0,101.0
GELD-10807,33,78407.73,Retired,662.0,30.58,2,27017.31,0.104,Personal,Seattle,1.0,0,Moderate,0.0004,0,0.0536,0,1,10.81,1448.13
GELD-10808,49,57030.86,Employed,726.0,23.47,1,14050.85,0.086,Personal,New York,14.6,0,Low,0.0,0,0.0,0,0,0.0,0.0
GELD-10809,39,60026.23,Employed,585.0,66.08,0,11759.27,0.138,Personal,Seattle,10.5,0,High,0.0,0,0.0674,0,0,0.0,792.57
GELD-10810,23,88422.94,Retired,679.0,53.82,1,16799.97,0.093,Personal,Chicago,12.3,0,High,0.0,0,0.0231,0,0,0.0,388.08
GELD-10811,28,70937.42,Unemployed,550.0,49.53,2,6755.86,0.082,Business,Los Angeles,12.8,1,Moderate,0.9623,1,0.3042,0,1,6501.16,2055.13
GELD-10812,28,58455.775,Employed,699.0,25.05,1,11198.25,0.077,Personal,Denver,10.8,0,Low,0.0,0,0.0,0,0,0.0,0.0
GELD-10813,40,25453.63,Retired,693.0,26.91,2,2764.48,0.117,Personal,Houston,11.9,0,Low,0.0,0,0.0267,0,0,0.0,73.81
GELD-10814,67,28889.6,Retired,695.0,45.97,2,15155.65,0.248,Business,Los Angeles,13.8,0,Moderate,0.1075,0,0.212,0,1,1629.23,3213.0
GELD-10815,24,105330.37,Employed,398.0,14.55,0,2319.37,0.05,Personal,Denver,15.2,0,Low,0.0,0,0.0255,0,0,0.0,59.14
GELD-10816,71,58455.775,Employed,729.0,43.72,5,20119.76,0.136,Personal,Houston,14.7,1,Moderate,1.0,1,0.6332,1,1,20119.76,12739.83
GELD-10817,41,60250.89,Employed,590.0,59.03,2,32597.37,0.196,Personal,Seattle,17.5,0,High,0.4921,0,0.3696,0,0,16041.17,12047.99
GELD-10818,23,75483.03,Employed,758.0,35.5,0,16305.15,0.086,Personal,Seattle,4.2,0,Moderate,0.0,0,0.0213,0,1,0.0,347.3
GELD-10819,65,43685.8,Employed,660.0,33.79,1,17887.29,0.152,Personal,New York,8.3,0,Moderate,0.0,0,0.011,0,0,0.0,196.76
GELD-10820,28,28454.47,Unemployed,537.0,59.84,2,24907.47,0.364,Business,Denver,19.0,1,High,0.9997,1,0.9155,1,0,24900.0,22802.79
GELD-10821,43,90425.84,Employed,667.0,66.25,2,9312.39,0.087,Personal,Los Angeles,8.2,0,High,0.2605,0,0.1687,0,0,2425.88,1571.0
GELD-10822,36,163455.43,Employed,720.0,69.74,0,11759.27,0.053,Personal,Atlanta,2.9,0,High,0.0,0,0.0484,0,0,0.0,569.15
GELD-10823,33,94057.11,Employed,604.0,11.54,0,11480.53,0.05,Personal,Seattle,10.7,0,Low,0.0,0,0.0,0,0,0.0,0.0
GELD-10824,23,42941.74,Employed,768.0,34.45,1,7648.35,0.108,Business,Seattle,2.6,0,Moderate,0.0,0,0.016,0,0,0.0,122.37
GELD-10825,68,56173.95,Retired,610.0,57.65,3,12658.16,0.137,Business,New York,4.5,1,High,0.9997,1,0.9492,1,0,12654.36,12015.13
GELD-10826,29,103219.16,Employed,641.0,45.94,2,14084.68,0.067,Business,Houston,20.0,0,Moderate,0.0011,0,0.0175,0,0,15.49,246.48
GELD-10827,34,105637.16,Employed,628.0,66.44,3,9073.1,0.074,Personal,New York,11.1,1,High,0.9889,1,0.9126,1,0,8972.39,8280.11
GELD-10828,33,46649.67,Self-Employed,555.0,8.24,0,7877.52,0.05,Personal,Los Angeles,6.0,0,Low,0.0,0,0.0021,0,0,0.0,16.54
GELD-10829,27,44207.42,Employed,605.0,46.53,2,3319.34,0.11,Personal,Denver,19.9,0,Moderate,0.0084,0,0.1555,0,1,27.88,516.16
GELD-10830,35,39622.93,Employed,625.0,35.38,1,10923.92,0.136,Personal,Chicago,19.3,0,Moderate,0.0,0,0.0356,0,1,0.0,388.89
GELD-10831,27,136234.02,Employed,666.0,24.0,1,9301.14,0.05,Personal,Chicago,9.1,0,Low,0.0,0,0.0,0,0,0.0,0.0
GELD-10832,58,87578.91,Employed,465.0,74.52,2,9705.39,0.099,Personal,Denver,5.6,1,High,0.9994,1,0.7633,1,0,9699.57,7408.12
GELD-10833,54,45727.34,Employed,725.0,19.61,1,18750.61,0.121,Personal,Houston,16.8,0,Low,0.0,0,0.0,0,1,0.0,0.0
GELD-10834,61,70068.95,Employed,724.0,15.87,0,39307.29,0.133,Personal,Seattle,14.5,0,Low,0.0,0,0.0,0,0,0.0,0.0
GELD-10835,42,62588.74,Employed,758.0,51.75,1,9758.29,0.106,Personal,Houston,13.9,0,High,0.0,0,0.0027,0,0,0.0,26.35
GELD-10836,44,23099.12,Retired,571.0,12.7,0,15239.29,0.181,Personal,Seattle,17.9,0,Low,0.0,0,0.0115,0,1,0.0,175.25
GELD-10837,69,67257.43,Employed,655.0,55.65,5,14078.77,0.116,Personal,Seattle,13.9,1,High,1.0,1,0.8077,1,1,14078.77,11371.42
GELD-10838,57,72100.26,Employed,741.0,21.4,1,23879.84,0.093,Personal,Chicago,6.0,0,Low,0.0,0,0.0,0,1,0.0,0.0
GELD-10839,64,157796.88,Self-Employed,747.0,30.36,2,6994.88,0.05,Personal,Houston,14.0,0,Moderate,0.0,0,0.0068,0,0,0.0,47.57
GELD-10840,21,49263.59,Employed,779.0,27.24,2,6872.1,0.078,Personal,New York,6.5,0,Low,0.0,0,0.0101,0,0,0.0,69.41
GELD-10841,30,30661.72,Self-Employed,682.0,35.93,1,7369.7,0.154,Personal,Seattle,15.3,0,Moderate,0.0,0,0.0119,0,0,0.0,87.7
GELD-10842,63,41273.29,Employed,671.0,28.06,0,11759.27,0.118,Personal,Atlanta,12.6,0,Low,0.0,0,0.0,0,0,0.0,0.0
GELD-10843,36,28719.69,Retired,566.0,33.19,0,11759.27,0.186,Personal,Atlanta,2.0,0,Moderate,0.0,0,0.0441,0,0,0.0,518.58
GELD-10844,66,54605.11,Employed,750.0,34.68,0,6427.95,0.081,Business,New York,10.5,0,Moderate,0.0,0,0.0091,0,0,0.0,58.49
GELD-10845,28,41318.82,Employed,643.0,41.06,1,14054.62,0.157,Personal,Atlanta,7.2,0,Moderate,0.0,0,0.0279,0,0,0.0,392.12
GELD-10846,69,95793.96,Employed,677.0,33.27,1,2877.14,0.05,Personal,Los Angeles,6.9,0,Moderate,0.0,0,0.0062,0,0,0.0,17.84
GELD-10847,45,25514.16,Retired,673.0,27.26,0,11681.88,0.188,Personal,Seattle,12.2,0,Low,0.0,0,0.0,0,0,0.0,0.0
GELD-10848,70,66769.93,Employed,507.0,58.15,0,10366.12,0.109,Personal,New York,6.8,0,High,0.0,0,0.1195,0,0,0.0,1238.75
GELD-10849,32,162768.87,Employed,618.0,51.27,4,8716.93,0.05,Personal,Houston,15.6,1,High,0.9977,1,0.7775,1,0,8696.88,6777.41
GELD-10850,45,84889.5,Employed,707.0,55.05,1,22002.76,0.11,Personal,Seattle,1.9,0,High,0.0,0,0.0394,0,1,0.0,866.91
GELD-10852,46,152633.1,Employed,707.0,61.41,1,14504.86,0.055,Personal,Chicago,16.3,0,High,0.0,0,0.0293,0,1,0.0,424.99
GELD-10853,66,75545.52,Retired,730.0,17.26,0,8274.23,0.05,Business,Houston,13.6,0,Low,0.0,0,0.0028,0,0,0.0,23.17
GELD-10854,68,85332.1,Employed,617.0,27.72,1,11759.27,0.057,Personal,Chicago,10.2,0,Low,0.0,0,0.0024,0,0,0.0,28.22
GELD-10855,34,57536.39,Employed,639.0,29.85,1,11134.73,0.085,Personal,Seattle,19.0,0,Low,0.0,0,0.0347,0,1,0.0,386.38
GELD-10856,61,65498.99,Employed,665.0,49.61,1,18132.93,0.124,Business,Houston,6.3,0,Moderate,0.0,0,0.061,0,0,0.0,1106.11
GELD-10857,56,64081.65,Employed,729.0,55.45,1,17427.68,0.132,Personal,Atlanta,0.9,0,High,0.0,0,0.0192,0,0,0.0,334.61
GELD-10858,43,55235.35,Employed,659.0,27.57,1,24037.67,0.132,Personal,New York,8.9,0,Low,0.0,0,0.0026,0,1,0.0,62.5
GELD-10859,63,72796.01,Employed,550.0,44.32,0,11759.27,0.087,Personal,Seattle,1.1,0,Moderate,0.0,0,0.0677,0,0,0.0,796.1
GELD-10860,26,32008.76,Unemployed,661.0,38.31,2,5483.63,0.142,Personal,Los Angeles,19.1,0,Moderate,0.0107,0,0.1894,0,0,58.67,1038.6
GELD-10861,67,37794.44,Employed,726.0,35.04,1,15768.81,0.167,Personal,Houston,4.6,0,Moderate,0.0,0,0.015,0,0,0.0,236.53
GELD-10862,25,137918.63,Employed,770.0,15.12,1,14275.26,0.05,Personal,Houston,15.9,0,Low,0.0,0,0.0024,0,1,0.0,34.26
GELD-10863,63,79571.31,Employed,317.0,75.5,2,1955.29,0.09,Personal,Denver,15.6,0,Very High,1.0,1,0.3785,0,0,1955.29,740.08
GELD-10864,45,58791.21,Employed,571.0,54.94,2,4433.06,0.099,Personal,Seattle,4.7,0,High,0.5999,1,0.1946,0,0,2659.39,862.67
GELD-10865,38,73096.02,Employed,647.0,39.17,2,18463.75,0.099,Personal,Seattle,12.6,0,Moderate,0.0007,0,0.0084,0,0,12.92,155.1
GELD-10866,33,100575.7,Employed,708.0,35.38,1,28345.87,0.088,Personal,Chicago,1.4,0,Moderate,0.0,0,0.0198,0,0,0.0,561.25
GELD-10867,63,58455.775,Employed,736.0,6.13,0,11503.2,0.05,Personal,Denver,9.9,0,Low,0.0,0,0.0,0,0,0.0,0.0
GELD-10868,34,38281.93,Retired,710.0,18.41,1,19644.23,0.146,Personal,Atlanta,0.8,0,Low,0.0,0,0.0,0,0,0.0,0.0
GELD-10869,48,24361.13,Retired,657.0,22.04,0,12906.62,0.187,Personal,Chicago,18.5,0,Low,0.0,0,0.0032,0,0,0.0,41.3
GELD-10870,38,218742.76,Employed,735.0,46.14,0,12355.35,0.05,Personal,Denver,19.5,0,Moderate,0.0,0,0.0057,0,0,0.0,70.43
GELD-10871,48,70416.56,Employed,630.0,27.95,0,11093.26,0.067,Business,Chicago,4.8,0,Low,0.0,0,0.0115,0,0,0.0,127.57
GELD-10872,71,38949.24,Self-Employed,688.0,16.49,0,12688.27,0.103,Personal,Atlanta,4.6,0,Low,0.0,0,0.0122,0,1,0.0,154.8
GELD-10873,47,334288.63,Employed,727.0,26.7,2,15260.81,0.05,Personal,Denver,15.2,0,Low,0.0,0,0.0,0,0,0.0,0.0
GELD-10874,52,51989.22,Employed,715.0,36.49,2,9499.28,0.1,Personal,Denver,5.4,0,Moderate,0.0001,0,0.0097,0,0,0.95,92.14
GELD-10875,67,60229.29,Employed,717.0,26.67,0,11759.27,0.079,Personal,Los Angeles,18.0,0,Low,0.0,0,0.0058,0,0,0.0,68.2
GELD-10876,29,58455.775,Self-Employed,715.0,23.5,0,6633.43,0.059,Personal,Chicago,11.7,0,Low,0.0,0,0.0,0,0,0.0,0.0
GELD-10877,60,45180.51,Self-Employed,602.0,53.78,2,33546.47,0.256,Business,Chicago,7.3,1,High,0.9725,1,0.8174,1,0,32623.94,27420.88
GELD-10878,52,73962.12,Employed,676.0,41.49,2,10622.24,0.079,Personal,Houston,16.7,0,Moderate,0.0001,0,0.0119,0,0,1.06,126.4
GELD-10879,40,24469.11,Employed,611.0,21.67,1,11716.8,0.175,Business,Atlanta,10.1,0,Low,0.0,0,0.0094,0,1,0.0,110.14
GELD-10880,48,107867.0,Employed,655.0,19.8,0,8294.93,0.05,Business,New York,18.3,0,Low,0.0,0,0.0,0,0,0.0,0.0
GELD-10881,53,39834.47,Self-Employed,593.0,70.85,2,15454.47,0.238,Business,Los Angeles,18.6,1,High,0.9976,1,0.8494,1,0,15417.38,13127.03
GELD-10882,24,58455.775,Employed,699.0,37.9,2,9643.16,0.091,Business,Denver,3.7,0,Moderate,0.0028,0,0.0138,0,0,27.0,133.08
GELD-10883,66,92798.32,Employed,537.0,35.21,1,9088.32,0.054,Personal,Denver,0.5,0,Moderate,0.0,0,0.0397,0,0,0.0,360.81
GELD-10884,54,21060.79,Unemployed,718.0,39.07,4,17462.01,0.333,Personal,Denver,19.7,1,Moderate,0.9998,1,0.8507,1,1,17458.52,14854.93
GELD-10885,68,61476.08,Employed,676.0,22.94,2,24262.97,0.113,Personal,Los Angeles,18.2,0,Low,0.0,0,0.0061,0,1,0.0,148.0
GELD-10886,23,41963.91,Self-Employed,808.0,11.62,0,6468.74,0.056,Personal,Denver,1.6,0,Low,0.0,0,0.0171,0,0,0.0,110.62
GELD-10887,46,169912.98,Employed,661.0,86.69,5,19837.85,0.069,Personal,Denver,16.7,1,Very High,1.0,1,0.7564,1,1,19837.85,15005.35
GELD-10888,28,84049.99,Employed,661.0,39.64,3,25558.75,0.103,Personal,Atlanta,9.4,0,Moderate,0.5426,1,0.339,0,0,13868.18,8664.42
GELD-10889,26,40649.7,Employed,723.0,46.33,3,4192.3,0.123,Personal,Seattle,5.5,0,Moderate,0.7106,1,0.3707,0,0,2979.05,1554.09
GELD-10890,36,58455.775,Self-Employed,665.0,64.94,2,7276.14,0.125,Personal,Seattle,17.6,0,High,0.0601,0,0.0967,0,0,437.3,703.6
GELD-10891,44,27196.34,Retired,694.0,8.92,0,25192.43,0.215,Personal,Houston,4.3,0,Low,0.0,0,0.0061,0,0,0.0,153.67
GELD-10892,68,58455.775,Unemployed,745.0,84.95,5,15121.81,0.183,Personal,Houston,19.0,1,Very High,1.0,1,0.9488,1,0,15121.81,14347.57
GELD-10893,59,72390.99,Employed,656.0,58.61,1,33710.83,0.166,Personal,Denver,4.5,0,High,0.0002,0,0.0637,0,0,6.74,2147.38
GELD-10894,50,42659.45,Self-Employed,759.0,3.68,1,10868.39,0.059,Business,Atlanta,12.5,0,Low,0.0,0,0.0043,0,0,0.0,46.73
GELD-10895,65,90573.4,Employed,557.0,54.35,1,8816.51,0.073,Personal,Denver,4.9,0,High,0.0004,0,0.0643,0,0,3.53,566.9
GELD-10896,33,58388.02,Employed,787.0,5.22,0,27359.46,0.102,Personal,Houston,11.1,0,Low,0.0,0,0.0,0,0,0.0,0.0
GELD-10897,25,19279.34,Retired,550.0,10.43,0,7321.95,0.125,Personal,Los Angeles,13.8,0,Low,0.0,0,0.0293,0,0,0.0,214.53
GELD-10898,45,78548.45,Employed,770.0,38.03,0,10441.69,0.07,Personal,Los Angeles,4.2,0,Moderate,0.0,0,0.0024,0,0,0.0,25.06
GELD-10899,40,77557.81,Employed,544.0,17.67,0,16910.5,0.064,Personal,New York,10.7,0,Low,0.0,0,0.0,0,0,0.0,0.0
GELD-10900,38,110412.67,Employed,814.0,33.9,1,17945.21,0.06,Personal,Seattle,9.6,0,Moderate,0.0,0,0.0083,0,1,0.0,148.95
GELD-10901,67,68120.03,Employed,686.0,55.79,2,7490.63,0.096,Personal,Atlanta,1.9,0,High,0.0359,0,0.0698,0,0,268.91,522.85
GELD-10902,38,69437.14,Employed,609.0,44.25,2,14135.02,0.098,Personal,Chicago,16.5,0,Moderate,0.0076,0,0.0843,0,1,107.43,1191.58
GELD-10903,22,71115.45,Employed,806.0,11.7,0,10152.32,0.05,Personal,Seattle,7.0,0,Low,0.0,0,0.0,0,0,0.0,0.0
GELD-10904,30,135655.97,Employed,599.0,53.87,0,4404.42,0.05,Personal,Chicago,11.7,0,High,0.0,0,0.0466,0,0,0.0,205.25
GELD-10905,65,32331.69,Retired,659.0,32.18,0,9166.88,0.146,Personal,New York,10.5,0,Moderate,0.0,0,0.0274,0,1,0.0,251.17
GELD-10906,70,34912.92,Unemployed,850.0,91.29,1,4534.3,0.261,Personal,New York,10.5,0,Very High,0.0007,0,0.3922,0,1,3.17,1778.35
GELD-10907,67,87337.52,Employed,703.0,48.41,0,8138.2,0.069,Personal,Denver,2.6,0,Moderate,0.0,0,0.0318,0,1,0.0,258.79
GELD-10908,32,77450.9,Employed,533.0,48.05,5,5878.41,0.071,Business,Houston,8.8,1,Moderate,1.0,1,0.8657,1,0,5878.41,5088.94
GELD-10909,67,56581.82,Employed,656.0,30.79,0,19231.31,0.117,Personal,New York,9.3,0,Moderate,0.0,0,0.0104,0,0,0.0,200.01
GELD-10910,33,69861.63,Employed,650.0,78.86,4,14475.58,0.143,Personal,New York,14.8,1,Very High,1.0,1,0.9522,1,0,14475.58,13783.65
GELD-10911,70,63440.26,Employed,688.0,52.69,1,11759.27,0.112,Personal,Chicago,16.9,0,High,0.0,0,0.0434,0,1,0.0,510.35
GELD-10912,67,159794.62,Self-Employed,672.0,36.82,1,6953.09,0.05,Personal,Houston,11.1,0,Moderate,0.0,0,0.0114,0,0,0.0,79.27
GELD-10913,31,53852.62,Employed,713.0,12.68,0,13016.4,0.07,Personal,New York,2.2,0,Low,0.0,0,0.0,0,0,0.0,0.0
GELD-10914,39,43885.52,Employed,568.0,24.52,0,6236.76,0.079,Personal,Seattle,5.1,0,Low,0.0,0,0.008,0,0,0.0,49.89
GELD-10915,55,65986.75,Employed,637.0,29.34,2,8275.47,0.065,Business,New York,3.7,0,Low,0.0006,0,0.025,0,0,4.97,206.89
GELD-10916,59,63926.28,Employed,697.0,27.83,2,9512.1,0.069,Personal,Houston,2.9,0,Low,0.0,0,0.0048,0,0,0.0,45.66
GELD-10917,46,44990.23,Retired,622.0,9.27,0,39505.23,0.194,Personal,Denver,7.6,0,Low,0.0,0,0.0159,0,0,0.0,628.13
GELD-10918,66,20458.61,Unemployed,752.0,63.32,2,15037.98,0.426,Personal,Atlanta,5.0,1,High,0.9293,1,0.9191,1,0,13974.79,13821.41
GELD-10919,34,69540.74,Employed,623.0,22.93,0,11196.34,0.062,Personal,Houston,4.8,0,Low,0.0,0,0.0,0,0,0.0,0.0
GELD-10920,65,48597.38,Retired,685.0,38.36,1,23095.79,0.166,Personal,Chicago,1.6,0,Moderate,0.0,0,0.0078,0,0,0.0,180.15
GELD-10922,44,35818.61,Retired,604.0,46.7,4,11688.38,0.183,Personal,Seattle,2.5,1,Moderate,1.0,1,0.8914,1,0,11688.38,10419.02
GELD-10923,61,58455.775,Unemployed,679.0,49.13,4,18126.25,0.138,Personal,Los Angeles,3.9,1,Moderate,1.0,1,0.912,1,0,18126.25,16531.14
GELD-10924,21,83479.46,Employed,583.0,26.98,5,10062.24,0.053,Personal,Houston,8.9,1,Low,1.0,1,0.4519,0,1,10062.24,4547.13
GELD-10925,71,97777.01,Employed,644.0,74.16,4,72503.05,0.217,Business,Denver,10.5,1,High,1.0,1,0.9133,1,0,72503.05,66217.04
GELD-10926,63,42503.68,Employed,677.0,44.15,2,25134.78,0.212,Personal,Chicago,3.2,0,Moderate,0.0484,0,0.0639,0,0,1216.52,1606.11
GELD-10927,42,37663.84,Employed,575.0,45.12,0,9471.52,0.158,Business,Seattle,8.8,0,Moderate,0.0,0,0.0388,0,0,0.0,367.49
GELD-10928,43,141912.48,Self-Employed,719.0,45.36,1,19063.78,0.056,Personal,Atlanta,7.2,0,Moderate,0.0,0,0.0052,0,0,0.0,99.13
GELD-10929,39,90838.09,Employed,693.0,38.93,1,16803.36,0.076,Business,Seattle,4.1,0,Moderate,0.0,0,0.0156,0,1,0.0,262.13
GELD-10930,38,59950.59,Employed,712.0,3.43,0,14326.49,0.053,Personal,Houston,0.6,0,Low,0.0,0,0.0,0,0,0.0,0.0
GELD-10931,32,17139.4,Unemployed,675.0,89.08,2,11759.27,0.605,Business,New York,9.6,1,Very High,1.0,1,0.9713,1,0,11759.27,11421.78
GELD-10932,48,27978.16,Retired,594.0,60.46,5,7424.48,0.248,Business,Denver,13.9,1,High,1.0,1,0.8645,1,1,7424.48,6418.46
GELD-10933,48,58455.775,Employed,675.0,23.35,1,9311.13,0.068,Personal,Houston,4.9,0,Low,0.0,0,0.0,0,0,0.0,0.0
GELD-10934,53,42730.72,Employed,719.0,11.66,0,32702.76,0.178,Business,Los Angeles,3.1,0,Low,0.0,0,0.0061,0,1,0.0,199.49
GELD-10935,39,96575.0,Employed,592.0,58.72,1,13662.52,0.083,Personal,Houston,17.8,0,High,0.0,0,0.0332,0,0,0.0,453.6
GELD-10936,48,71607.42,Employed,597.0,39.92,3,7941.44,0.072,Personal,Atlanta,5.9,1,Moderate,0.9408,1,0.7866,1,0,7471.31,6246.74
GELD-10937,69,37202.82,Retired,658.0,48.52,3,11113.22,0.177,Personal,Atlanta,4.9,1,Moderate,0.9882,1,0.8551,1,1,10982.08,9502.91
GELD-10938,57,44255.1,Employed,649.0,35.71,0,8773.52,0.112,Personal,Houston,17.2,0,Moderate,0.0,0,0.0149,0,0,0.0,130.73
GELD-10939,46,83777.54,Employed,674.0,66.63,1,20715.46,0.121,Personal,Atlanta,16.4,0,High,0.0001,0,0.0358,0,1,2.07,741.61
GELD-10940,55,44714.93,Employed,655.0,17.63,0,8634.29,0.074,Personal,New York,9.2,0,Low,0.0,0,0.0,0,0,0.0,0.0
GELD-10941,54,48461.85,Employed,686.0,11.71,0,12412.77,0.073,Personal,Seattle,10.0,0,Low,0.0,0,0.0,0,0,0.0,0.0
GELD-10942,55,68832.4,Self-Employed,761.0,47.43,2,8123.28,0.086,Personal,Houston,4.7,0,Moderate,0.0001,0,0.0219,0,0,0.81,177.9
GELD-10943,60,56895.02,Unemployed,713.0,43.31,3,45467.12,0.228,Business,Denver,2.0,1,Moderate,0.9974,1,0.8582,1,0,45348.91,39019.88
GELD-10944,36,71479.06,Employed,679.0,63.79,2,17633.07,0.13,Personal,New York,11.7,0,High,0.0327,0,0.1004,0,0,576.6,1770.36
GELD-10945,58,20827.71,Employed,598.0,60.53,1,17218.79,0.427,Personal,Seattle,2.4,0,High,0.2708,0,0.1281,0,0,4662.85,2205.73
GELD-10946,33,49556.78,Employed,624.0,28.54,2,18374.08,0.126,Personal,Denver,9.3,0,Low,0.0004,0,0.0379,0,1,7.35,696.38
GELD-10947,43,45948.5,Retired,734.0,34.35,2,9539.8,0.109,Personal,Denver,18.8,0,Moderate,0.0,0,0.0193,0,1,0.0,184.12
GELD-10948,42,27141.69,Retired,642.0,23.94,1,30114.46,0.301,Personal,Denver,19.1,0,Low,0.0,0,0.0111,0,0,0.0,334.27
GELD-10949,36,96181.86,Employed,607.0,30.37,1,11607.32,0.053,Personal,Seattle,5.2,0,Moderate,0.0,0,0.0045,0,0,0.0,52.23
GELD-10950,48,71073.46,Employed,822.0,30.71,0,35020.3,0.137,Personal,New York,12.7,0,Moderate,0.0,0,0.0306,0,1,0.0,1071.62
GELD-10951,68,103372.81,Self-Employed,782.0,8.13,0,9947.91,0.05,Business,Denver,9.7,0,Low,0.0,0,0.0044,0,0,0.0,43.77
GELD-10952,55,51457.71,Employed,666.0,31.12,1,18569.73,0.127,Personal,Denver,17.6,0,Moderate,0.0,0,0.0028,0,0,0.0,52.0
GELD-10953,65,32009.28,Retired,599.0,16.67,1,13360.97,0.13,Personal,Chicago,5.8,0,Low,0.0,0,0.0028,0,0,0.0,37.41
GELD-10954,66,85326.75,Employed,726.0,23.5,0,14194.18,0.058,Personal,Houston,0.6,0,Low,0.0,0,0.0,0,0,0.0,0.0
GELD-10955,28,65947.37,Employed,641.0,50.79,2,4438.13,0.083,Personal,Seattle,3.7,0,High,0.0397,0,0.0298,0,0,176.19,132.26
GELD-10956,64,64176.33,Employed,737.0,45.87,4,6701.46,0.085,Personal,Seattle,7.3,1,Moderate,0.9966,1,0.5007,1,1,6678.68,3355.42
GELD-10957,42,134059.16,Employed,641.0,20.25,0,29910.75,0.058,Personal,Atlanta,6.7,0,Low,0.0,0,0.0,0,0,0.0,0.0
GELD-10958,41,86843.54,Employed,790.0,15.02,2,5578.69,0.05,Personal,Seattle,15.9,0,Low,0.0,0,0.0052,0,0,0.0,29.01
GELD-10959,46,27025.46,Self-Employed,639.0,27.62,0,20644.79,0.245,Personal,New York,13.8,0,Low,0.0,0,0.0075,0,0,0.0,154.84
GELD-10960,60,94805.31,Employed,841.0,39.79,1,11759.27,0.063,Business,Seattle,6.3,0,Moderate,0.0,0,0.0229,0,0,0.0,269.29
GELD-10961,41,58455.775,Employed,689.0,48.87,1,16844.95,0.133,Business,Chicago,9.4,0,Moderate,0.0,0,0.037,0,0,0.0,623.26
GELD-10962,45,112781.78,Employed,772.0,31.29,3,43306.1,0.102,Personal,Houston,2.4,0,Moderate,0.0022,0,0.2466,0,0,95.27,10679.28
GELD-10963,61,43353.2,Employed,637.0,77.43,1,18311.19,0.245,Personal,Houston,18.0,0,Very High,0.0043,0,0.2879,0,1,78.74,5271.79
GELD-10964,21,76585.47,Employed,583.0,31.27,2,14153.46,0.074,Personal,Seattle,18.7,0,Moderate,0.0003,0,0.0361,0,0,4.25,510.94
GELD-10965,26,69580.07,Employed,514.0,20.11,1,15135.33,0.07,Personal,Denver,19.6,0,Low,0.0,0,0.0,0,0,0.0,0.0
GELD-10966,43,43004.74,Self-Employed,764.0,70.85,3,10867.95,0.199,Personal,Los Angeles,17.4,1,High,0.9893,1,0.8613,1,0,10751.66,9360.57
GELD-10967,71,101320.59,Employed,680.0,43.59,2,10669.4,0.06,Personal,Los Angeles,3.9,0,Moderate,0.0016,0,0.0357,0,1,17.07,380.9
GELD-10968,43,59355.75,Employed,588.0,12.77,0,8821.11,0.05,Personal,Denver,1.4,0,Low,0.0,0,0.0283,0,1,0.0,249.64
GELD-10969,63,111160.41,Employed,767.0,19.74,1,15582.73,0.05,Personal,Denver,11.8,0,Low,0.0,0,0.0028,0,0,0.0,43.63
GELD-10970,63,47368.54,Self-Employed,756.0,8.73,0,45262.36,0.208,Personal,Denver,18.3,0,Low,0.0,0,0.0156,0,1,0.0,706.09
GELD-10971,43,21791.37,Retired,772.0,51.69,3,28415.32,0.474,Business,New York,4.0,1,High,0.998,1,0.8915,1,0,28358.49,25332.26
GELD-10972,52,59328.51,Self-Employed,581.0,42.31,1,13669.54,0.11,Business,Los Angeles,0.6,0,Moderate,0.0032,0,0.0269,0,0,43.74,367.71
GELD-10973,50,73450.06,Employed,762.0,49.44,1,11759.27,0.093,Personal,Denver,16.2,0,Moderate,0.0,0,0.0324,0,0,0.0,381.0
GELD-10974,33,52031.88,Employed,702.0,25.61,2,11484.62,0.088,Personal,New York,2.0,0,Low,0.0,0,0.0171,0,1,0.0,196.39
GELD-10975,63,16663.81,Employed,775.0,40.78,3,28364.01,0.561,Business,Atlanta,8.6,1,Moderate,0.9956,1,0.6915,1,1,28239.21,19613.71
GELD-10976,38,78640.5,Employed,713.0,32.45,2,4539.72,0.05,Personal,New York,13.7,0,Moderate,0.0,0,0.0035,0,0,0.0,15.89
GELD-10977,43,78475.47,Employed,687.0,6.61,1,38497.78,0.106,Business,Los Angeles,5.1,0,Low,0.0,0,0.0045,0,0,0.0,173.24
GELD-10978,35,90149.55,Employed,763.0,25.76,2,8715.44,0.05,Personal,Seattle,2.1,0,Low,0.0,0,0.018,0,0,0.0,156.88
GELD-10979,53,55758.12,Employed,735.0,25.08,0,9600.5,0.075,Business,Atlanta,15.5,0,Low,0.0,0,0.0024,0,1,0.0,23.04
GELD-10980,41,54405.84,Employed,751.0,39.1,1,5804.37,0.086,Personal,Los Angeles,12.8,0,Moderate,0.0,0,0.0166,0,1,0.0,96.35
GELD-10982,43,32567.43,Employed,663.0,65.85,0,8034.36,0.231,Business,Chicago,7.2,0,High,0.0,0,0.0649,0,0,0.0,521.43
GELD-10983,47,58455.775,Employed,554.0,45.46,2,11759.27,0.11,Personal,Houston,1.7,0,Moderate,0.3075,0,0.1671,0,0,3615.98,1964.97
GELD-10984,65,70547.1,Self-Employed,636.0,39.77,1,18125.57,0.102,Personal,Los Angeles,14.8,0,Moderate,0.0,0,0.0204,0,0,0.0,369.76
GELD-10985,64,58455.775,Employed,730.0,44.78,0,7972.94,0.096,Business,Denver,10.7,0,Moderate,0.0,0,0.0168,0,0,0.0,133.95
GELD-10986,38,71424.43,Self-Employed,714.0,38.38,0,7142.58,0.068,Personal,New York,4.7,0,Moderate,0.0,0,0.0033,0,0,0.0,23.57
GELD-10987,44,43700.0,Employed,606.0,54.71,3,8224.03,0.15,Business,Denver,15.7,1,High,0.9992,1,0.8047,1,1,8217.45,6617.88
GELD-10988,71,111907.32,Employed,765.0,5.95,0,11759.27,0.05,Personal,Denver,4.5,0,Low,0.0,0,0.0,0,0,0.0,0.0
GELD-10989,67,18931.88,Unemployed,850.0,53.37,6,10221.72,0.362,Personal,Denver,5.6,1,High,1.0,1,0.8877,1,0,10221.72,9073.82
GELD-10990,60,9220.05,Unemployed,612.0,28.05,2,7299.55,0.432,Personal,Denver,2.3,0,Low,0.4666,0,0.2412,0,0,3405.97,1760.65
GELD-10991,71,72702.39,Self-Employed,661.0,25.12,2,24366.45,0.098,Personal,Denver,8.3,0,Low,0.0,0,0.0159,0,0,0.0,387.43
GELD-10992,62,81950.82,Employed,631.0,30.09,0,8964.17,0.055,Personal,Atlanta,8.7,0,Moderate,0.0,0,0.0024,0,0,0.0,21.51
GELD-10993,27,159904.94,Employed,668.0,37.48,2,17075.86,0.05,Personal,Los Angeles,10.5,0,Moderate,0.0001,0,0.0061,0,1,1.71,104.16
GELD-10994,70,79533.86,Employed,694.0,16.14,0,17160.25,0.061,Personal,Los Angeles,14.3,0,Low,0.0,0,0.0,0,0,0.0,0.0
GELD-10995,68,33965.09,Employed,626.0,28.08,1,3976.4,0.098,Personal,Houston,18.2,0,Low,0.0,0,0.0127,0,0,0.0,50.5
GELD-10996,40,20859.5,Retired,656.0,69.2,0,18547.1,0.476,Personal,New York,3.2,0,High,0.0001,0,0.1662,0,0,1.85,3082.53
GELD-10997,47,116590.05,Employed,681.0,57.68,3,4341.05,0.052,Business,Chicago,1.6,1,High,0.9918,1,0.8621,1,0,4305.45,3742.42
GELD-10998,26,30264.76,Retired,708.0,40.0,1,11759.27,0.197,Business,Atlanta,0.9,0,Moderate,0.0,0,0.0211,0,0,0.0,248.12
GELD-10999,47,32948.09,Employed,778.0,23.18,0,18041.32,0.173,Personal,New York,3.3,0,Low,0.0,0,0.0026,0,0,0.0,46.91
GELD-11000,29,103800.9,Employed,674.0,39.71,0,13028.6,0.06,Business,Atlanta,13.3,0,Moderate,0.0,0,0.0029,0,1,0.0,37.78
GELD-11001,65,53418.85,Employed,636.0,19.89,0,9855.01,0.07,Personal,Los Angeles,14.7,0,Low,0.0,0,0.0085,0,0,0.0,83.77
GELD-11002,51,53820.36,Retired,724.0,41.43,2,4147.3,0.085,Personal,Denver,15.8,0,Moderate,0.0,0,0.0195,0,0,0.0,80.87
GELD-11003,41,58455.775,Self-Employed,703.0,45.2,1,21564.06,0.143,Business,Houston,5.3,0,Moderate,0.0,0,0.0214,0,0,0.0,461.47
GELD-11004,46,32755.74,Unemployed,662.0,49.73,4,15684.99,0.232,Personal,Houston,6.5,1,Moderate,1.0,1,0.9205,1,1,15684.99,14438.03
GELD-11006,68,47800.51,Self-Employed,648.0,68.32,0,6789.11,0.157,Business,Chicago,1.7,0,High,0.0001,0,0.0735,0,0,0.68,499.0
GELD-11007,65,12368.48,Unemployed,638.0,35.36,1,22384.63,0.619,Personal,Houston,12.4,0,Moderate,0.0027,0,0.3202,0,0,60.44,7167.56
GELD-11008,33,186712.21,Employed,542.0,42.86,1,14475.93,0.05,Business,Denver,19.7,0,Moderate,0.0,0,0.0229,0,0,0.0,331.5
GELD-11009,69,60198.73,Employed,652.0,34.65,1,5344.48,0.07,Business,Los Angeles,7.5,0,Moderate,0.0,0,0.0202,0,1,0.0,107.96
GELD-11010,43,46946.82,Employed,552.0,4.91,0,7799.08,0.05,Personal,Chicago,15.2,0,Low,0.0,0,0.0,0,0,0.0,0.0
GELD-11011,40,71419.68,Retired,630.0,57.78,2,39119.44,0.182,Business,New York,10.3,0,High,0.4881,0,0.2123,0,0,19094.2,8305.06
GELD-11012,57,60562.36,Retired,716.0,47.53,0,22056.06,0.143,Personal,Denver,3.0,0,Moderate,0.0,0,0.0512,0,1,0.0,1129.27
GELD-11013,48,112674.5,Employed,570.0,49.48,3,12092.52,0.061,Personal,Denver,11.9,1,Moderate,0.9556,1,0.8308,1,0,11555.61,10046.47
GELD-11014,37,63301.94,Self-Employed,662.0,45.15,0,12251.73,0.103,Personal,Houston,6.3,0,Moderate,0.0,0,0.0043,0,0,0.0,52.68
GELD-11016,61,36688.62,Employed,658.0,23.61,0,26475.49,0.202,Personal,Los Angeles,12.9,0,Low,0.0,0,0.0,0,0,0.0,0.0
GELD-11017,22,51615.52,Employed,641.0,8.95,0,9220.17,0.051,Personal,Seattle,17.2,0,Low,0.0,0,0.0022,0,0,0.0,20.28
GELD-11018,45,58455.775,Retired,698.0,39.95,0,7441.29,0.087,Personal,Atlanta,7.2,0,Moderate,0.0,0,0.0044,0,1,0.0,32.74
GELD-11019,70,58455.775,Employed,707.0,29.1,1,18958.05,0.11,Personal,Atlanta,8.1,0,Low,0.0,0,0.0,0,0,0.0,0.0
GELD-11020,61,89100.62,Self-Employed,675.0,14.34,0,8283.56,0.05,Personal,Los Angeles,17.9,0,Low,0.0,0,0.003,0,0,0.0,24.85
GELD-11021,26,63749.1,Employed,360.0,12.16,0,4048.98,0.05,Personal,Los Angeles,16.4,0,Low,0.0,0,0.0095,0,0,0.0,38.47
GELD-11022,31,30098.82,Retired,736.0,24.9,1,15458.06,0.177,Personal,Atlanta,14.4,0,Low,0.0,0,0.0,0,0,0.0,0.0
GELD-11023,58,56900.83,Retired,583.0,66.88,3,4869.38,0.123,Personal,Seattle,5.4,1,High,0.9999,1,0.906,1,0,4868.89,4411.66
GELD-11024,26,49221.31,Retired,723.0,3.53,0,11669.37,0.054,Business,Chicago,18.2,0,Low,0.0,0,0.0,0,1,0.0,0.0
GELD-11025,65,58455.775,Employed,704.0,9.68,0,14626.14,0.065,Personal,Atlanta,3.5,0,Low,0.0,0,0.0,0,0,0.0,0.0
GELD-11026,31,28756.11,Retired,689.0,49.67,3,10232.21,0.227,Personal,Los Angeles,12.7,1,Moderate,0.9849,1,0.922,1,0,10077.7,9434.1
GELD-11027,34,21332.25,Unemployed,674.0,52.04,7,10259.71,0.316,Business,Houston,1.1,1,High,1.0,1,0.9627,1,0,10259.71,9877.02
GELD-11028,22,48864.54,Employed,543.0,61.11,4,30655.1,0.238,Personal,New York,13.1,1,High,1.0,1,0.9362,1,0,30655.1,28699.3
GELD-11029,60,43057.5,Unemployed,772.0,48.2,5,30920.64,0.244,Business,Seattle,5.9,1,Moderate,1.0,1,0.8894,1,0,30920.64,27500.82
GELD-11031,55,85050.82,Employed,608.0,61.6,2,8460.35,0.085,Business,Seattle,7.2,1,High,0.7471,1,0.739,1,0,6320.73,6252.2
GELD-11032,53,72131.88,Employed,728.0,36.77,1,8743.62,0.07,Personal,Houston,3.9,0,Moderate,0.0,0,0.0018,0,0,0.0,15.74
GELD-11033,44,73677.06,Employed,688.0,19.27,0,11862.49,0.056,Personal,Houston,12.6,0,Low,0.0,0,0.0,0,0,0.0,0.0
GELD-11034,39,32473.58,Employed,634.0,15.22,0,11508.15,0.113,Personal,Denver,17.7,0,Low,0.0,0,0.0061,0,0,0.0,70.2
GELD-11035,38,94597.15,Self-Employed,758.0,16.34,0,33868.8,0.087,Business,Los Angeles,19.2,0,Low,0.0,0,0.0045,0,0,0.0,152.41
GELD-11036,69,51350.67,Employed,645.0,21.73,2,10814.91,0.08,Personal,Atlanta,4.3,0,Low,0.0001,0,0.004,0,0,1.08,43.26
GELD-11037,44,65191.22,Self-Employed,770.0,25.4,1,6514.86,0.055,Personal,Chicago,14.5,0,Low,0.0,0,0.0,0,0,0.0,0.0
GELD-11038,65,53480.49,Employed,712.0,7.15,0,8494.64,0.05,Personal,Seattle,13.5,0,Low,0.0,0,0.0074,0,0,0.0,62.86
GELD-11039,55,70660.51,Employed,742.0,1.9,1,11759.27,0.05,Personal,Denver,7.2,0,Low,0.0,0,0.0,0,0,0.0,0.0
GELD-11040,21,85638.67,Employed,716.0,62.58,1,10360.18,0.09,Personal,Seattle,0.9,0,High,0.0,0,0.039,0,0,0.0,404.05
GELD-11041,56,11578.41,Unemployed,712.0,36.69,4,14591.04,0.537,Personal,Houston,14.0,1,Moderate,1.0,1,0.9223,1,0,14591.04,13457.32
GELD-11042,45,74141.98,Employed,690.0,21.28,1,11759.27,0.058,Business,Atlanta,18.9,0,Low,0.0,0,0.0,0,1,0.0,0.0
GELD-11043,65,54065.35,Self-Employed,624.0,74.44,2,18673.84,0.193,Personal,Seattle,12.8,1,High,0.9295,1,0.7932,1,0,17357.33,14812.09
GELD-11044,69,60397.23,Retired,679.0,46.88,0,11464.85,0.108,Personal,Chicago,9.0,0,Moderate,0.0,0,0.0236,0,0,0.0,270.57
GELD-11045,63,58455.775,Employed,739.0,66.87,2,5826.42,0.123,Personal,Houston,10.7,0,High,0.0094,0,0.1193,0,0,54.77,695.09
GELD-11046,54,42144.85,Employed,725.0,24.2,0,9817.16,0.098,Personal,Chicago,4.4,0,Low,0.0,0,0.0024,0,1,0.0,23.56
GELD-11047,45,56285.57,Employed,710.0,16.22,2,45562.65,0.188,Personal,Atlanta,15.1,0,Low,0.0,0,0.0169,0,0,0.0,770.01
GELD-11048,36,29966.1,Retired,528.0,30.48,1,25380.46,0.261,Personal,Seattle,15.1,0,Moderate,0.0001,0,0.1099,0,1,2.54,2789.31
GELD-11049,54,59816.0,Employed,660.0,41.08,0,6020.94,0.082,Personal,New York,3.3,0,Moderate,0.0,0,0.0109,0,0,0.0,65.63
GELD-11050,49,26991.85,Retired,653.0,5.48,0,35137.9,0.279,Personal,Seattle,17.6,0,Low,0.0,0,0.0079,0,0,0.0,277.59
GELD-11051,39,68856.89,Employed,598.0,43.58,3,13124.84,0.095,Personal,Atlanta,5.7,1,Moderate,0.9831,1,0.7108,1,1,12903.03,9329.14
GELD-11052,43,68726.22,Retired,738.0,33.08,2,9017.93,0.07,Business,Seattle,19.7,0,Moderate,0.0,0,0.0309,0,0,0.0,278.65
GELD-11053,39,29426.18,Unemployed,533.0,76.96,2,10209.26,0.305,Business,Denver,8.0,1,Very High,1.0,1,0.89,1,1,10209.26,9086.24
GELD-11054,45,48387.18,Retired,734.0,58.3,3,12507.62,0.16,Personal,Seattle,4.0,1,High,0.9612,1,0.9074,1,0,12022.32,11349.41
GELD-11055,36,41118.15,Employed,768.0,56.53,1,23165.94,0.236,Business,Los Angeles,7.4,0,High,0.0002,0,0.0872,0,1,4.63,2020.07
GELD-11056,71,23950.55,Unemployed,660.0,37.13,4,13548.31,0.253,Personal,Seattle,9.1,1,Moderate,1.0,1,0.9438,1,0,13548.31,12786.89
GELD-11057,29,54732.36,Employed,670.0,6.71,1,14765.39,0.065,Personal,Seattle,1.9,0,Low,0.0,0,0.0058,0,0,0.0,85.64
GELD-11058,21,89925.64,Employed,743.0,37.44,2,25004.17,0.093,Personal,Chicago,11.8,0,Moderate,0.0,0,0.0319,0,0,0.0,797.63
GELD-11059,62,46908.06,Self-Employed,622.0,8.32,0,9514.25,0.057,Personal,New York,12.2,0,Low,0.0,0,0.0049,0,1,0.0,46.62
GELD-11060,39,58455.775,Retired,721.0,4.03,0,14493.55,0.056,Business,Chicago,14.9,0,Low,0.0,0,0.0,0,0,0.0,0.0
GELD-11061,53,51409.03,Retired,611.0,12.36,0,15730.01,0.083,Personal,Chicago,1.1,0,Low,0.0,0,0.0077,0,0,0.0,121.12
GELD-11062,54,69281.01,Unemployed,590.0,74.37,4,13106.15,0.134,Personal,Houston,11.1,1,High,1.0,1,0.8956,1,1,13106.15,11737.87
GELD-11063,36,61133.98,Employed,696.0,23.78,0,16307.85,0.088,Personal,Los Angeles,1.5,0,Low,0.0,0,0.0,0,0,0.0,0.0
GELD-11065,60,101377.84,Self-Employed,555.0,8.66,0,21763.71,0.051,Personal,Denver,1.6,0,Low,0.0,0,0.0078,0,0,0.0,169.76
GELD-11066,38,83237.79,Employed,774.0,54.38,1,8670.54,0.08,Personal,Atlanta,18.3,0,High,0.0,0,0.0084,0,0,0.0,72.83
GELD-11067,54,83484.46,Employed,646.0,63.71,2,11759.27,0.097,Personal,Denver,14.2,0,High,0.0486,0,0.1923,0,0,571.5,2261.31
GELD-11068,45,63396.47,Employed,711.0,68.38,0,13714.85,0.14,Business,Atlanta,10.4,0,High,0.0,0,0.0353,0,1,0.0,484.13
GELD-11069,65,63953.99,Employed,787.0,18.29,1,8006.69,0.051,Business,Seattle,9.1,0,Low,0.0,0,0.0083,0,1,0.0,66.46
GELD-11070,26,47107.3,Employed,692.0,21.91,2,31999.54,0.178,Personal,Houston,3.0,0,Low,0.0,0,0.0195,0,0,0.0,623.99
GELD-11071,41,82361.05,Employed,764.0,55.21,1,33858.25,0.143,Business,Los Angeles,6.2,0,High,0.0,0,0.0414,0,0,0.0,1401.73
GELD-11072,26,81519.66,Employed,615.0,49.11,1,6956.97,0.071,Personal,Denver,17.4,0,Moderate,0.0,0,0.0412,0,0,0.0,286.63
GELD-11074,61,29616.24,Retired,617.0,77.12,3,11231.49,0.31,Personal,Denver,0.5,1,Very High,1.0,1,0.8541,1,1,11231.49,9592.82
GELD-11075,68,96139.97,Employed,635.0,55.09,2,8068.33,0.068,Personal,Seattle,12.1,0,High,0.0085,0,0.0951,0,0,68.58,767.3
GELD-11076,63,110194.32,Employed,573.0,62.82,1,15079.72,0.079,Business,Atlanta,14.5,0,High,0.0021,0,0.0846,0,0,31.67,1275.74
GELD-11077,59,38319.68,Self-Employed,694.0,50.01,0,19935.85,0.222,Personal,New York,12.6,0,High,0.0,0,0.0717,0,1,0.0,1429.4
GELD-11078,51,57896.22,Employed,719.0,51.55,1,13315.04,0.126,Personal,Houston,2.1,0,High,0.0,0,0.0289,0,1,0.0,384.8
GELD-11079,62,63620.41,Retired,729.0,3.41,0,9719.61,0.05,Personal,Denver,4.7,0,Low,0.0,0,0.0,0,0,0.0,0.0
GELD-11080,30,16767.85,Unemployed,575.0,37.92,2,26840.15,0.524,Personal,Denver,5.4,1,Moderate,0.9917,1,0.8184,1,0,26617.38,21965.98
GELD-11081,50,83947.19,Employed,701.0,39.45,1,27425.78,0.108,Business,Seattle,16.7,0,Moderate,0.0,0,0.0258,0,1,0.0,707.59
GELD-11083,44,44948.86,Retired,718.0,13.59,1,12765.9,0.084,Personal,Atlanta,10.0,0,Low,0.0,0,0.0,0,0,0.0,0.0
GELD-11084,29,35548.38,Retired,621.0,23.92,2,4687.34,0.087,Personal,Atlanta,18.7,0,Low,0.0,0,0.0138,0,1,0.0,64.69
GELD-11085,51,92575.23,Employed,500.0,19.48,0,19954.41,0.062,Personal,Denver,12.9,0,Low,0.0,0,0.0,0,1,0.0,0.0
GELD-11086,35,41786.03,Employed,724.0,23.42,1,26809.19,0.179,Personal,New York,18.0,0,Low,0.0,0,0.0028,0,0,0.0,75.07
GELD-11087,24,43870.81,Employed,665.0,42.56,3,15271.24,0.157,Personal,New York,9.4,1,Moderate,0.7728,1,0.8463,1,0,11801.61,12924.05
GELD-11088,60,64521.48,Retired,695.0,31.71,1,6494.87,0.064,Personal,Los Angeles,3.4,0,Moderate,0.0,0,0.0,0,0,0.0,0.0
GELD-11089,29,58455.775,Employed,668.0,26.29,0,31862.28,0.149,Personal,Houston,18.6,0,Low,0.0,0,0.0049,0,0,0.0,156.13
GELD-11090,65,44479.13,Retired,691.0,32.63,3,40874.01,0.25,Business,Houston,9.4,1,Moderate,0.7587,1,0.7867,1,0,31011.11,32155.58
GELD-11091,29,143181.7,Self-Employed,727.0,78.38,2,9328.92,0.062,Business,Atlanta,4.0,0,Very High,0.2268,0,0.16,0,0,2115.8,1492.63
GELD-11092,46,46756.17,Employed,545.0,20.13,1,15792.28,0.106,Personal,Los Angeles,6.4,0,Low,0.0,0,0.0,0,0,0.0,0.0
GELD-11093,24,52093.03,Employed,755.0,38.5,0,19732.14,0.142,Personal,Seattle,1.5,0,Moderate,0.0,0,0.0167,0,0,0.0,329.53
GELD-11094,37,127499.71,Employed,662.0,15.12,0,19388.33,0.05,Personal,Houston,9.6,0,Low,0.0,0,0.0024,0,0,0.0,46.53
GELD-11095,36,95020.5,Employed,789.0,75.07,2,12443.04,0.097,Personal,Los Angeles,17.1,0,Very High,0.0034,0,0.1555,0,1,42.31,1934.89
GELD-11096,35,136337.98,Employed,643.0,10.26,0,35551.03,0.059,Personal,Los Angeles,18.7,0,Low,0.0,0,0.0,0,0,0.0,0.0
GELD-11097,55,81703.33,Employed,627.0,13.52,0,4725.94,0.05,Personal,Denver,18.7,0,Low,0.0,0,0.0054,0,0,0.0,25.52
GELD-11098,25,14155.26,Unemployed,665.0,65.13,3,4762.39,0.481,Personal,Atlanta,2.9,1,High,1.0,1,0.9746,1,0,4762.39,4641.43
GELD-11099,25,73175.05,Employed,710.0,47.25,2,11975.15,0.091,Personal,Los Angeles,8.0,0,Moderate,0.0026,0,0.0123,0,0,31.14,147.29
GELD-11100,40,113652.54,Employed,656.0,64.6,2,34411.21,0.112,Personal,New York,1.1,0,High,0.1518,0,0.2072,0,1,5223.62,7130.0
GELD-11101,35,58455.775,Retired,715.0,40.25,1,24241.37,0.145,Personal,New York,17.2,0,Moderate,0.0,0,0.0157,0,1,0.0,380.59
GELD-11102,38,36166.16,Retired,648.0,20.49,0,4934.48,0.078,Personal,Chicago,7.5,0,Low,0.0,0,0.0047,0,1,0.0,23.19
GELD-11103,67,56386.1,Retired,677.0,33.58,0,66574.03,0.29,Personal,Atlanta,12.8,0,Moderate,0.0,0,0.058,0,0,0.0,3861.29
GELD-11104,22,32564.41,Retired,832.0,17.23,0,16858.43,0.151,Personal,Denver,14.4,0,Low,0.0,0,0.0,0,0,0.0,0.0
GELD-11105,49,58455.775,Employed,700.0,13.05,1,6055.17,0.05,Personal,Seattle,8.9,0,Low,0.0,0,0.0,0,0,0.0,0.0
GELD-11106,33,68089.32,Employed,706.0,47.03,2,11438.35,0.096,Personal,Chicago,6.5,0,Moderate,0.0022,0,0.017,0,0,25.16,194.45
GELD-11107,24,53067.16,Self-Employed,572.0,29.4,3,21596.51,0.131,Personal,New York,19.3,0,Low,0.2664,0,0.2309,0,0,5753.31,4986.63
GELD-11108,62,102881.36,Self-Employed,770.0,45.87,0,25629.14,0.09,Personal,Denver,19.3,0,Moderate,0.0,0,0.0184,0,0,0.0,471.58
GELD-11109,65,88494.4,Employed,750.0,28.92,0,11619.2,0.056,Personal,Chicago,6.1,0,Low,0.0,0,0.0033,0,0,0.0,38.34
GELD-11110,30,22963.89,Unemployed,625.0,38.22,3,11759.27,0.252,Business,Atlanta,9.9,1,Moderate,0.9997,1,0.9692,1,0,11755.74,11397.08
GELD-11112,61,58566.96,Employed,698.0,66.21,2,11620.07,0.141,Personal,Atlanta,0.6,0,High,0.4232,0,0.1366,0,0,4917.61,1587.3
GELD-11113,28,49642.8,Employed,678.0,16.3,1,18673.73,0.105,Personal,Los Angeles,8.5,0,Low,0.0,0,0.0,0,0,0.0,0.0
GELD-11114,23,30815.67,Employed,765.0,37.97,2,28693.58,0.297,Personal,Houston,2.5,0,Moderate,0.001,0,0.1101,0,0,28.69,3159.16
GELD-11115,68,53224.68,Employed,639.0,30.02,1,6109.02,0.074,Personal,Los Angeles,10.4,0,Moderate,0.0,0,0.0068,0,0,0.0,41.54
GELD-11116,66,49970.48,Employed,624.0,36.6,1,11759.27,0.113,Personal,Atlanta,1.0,0,Moderate,0.0,0,0.0277,0,0,0.0,325.73
GELD-11117,29,44469.17,Retired,690.0,47.86,1,8423.98,0.135,Personal,Denver,8.4,0,Moderate,0.0,0,0.0128,0,0,0.0,107.83
GELD-11118,50,80685.52,Employed,712.0,40.57,3,6602.46,0.062,Business,New York,4.8,0,Moderate,0.3293,0,0.2831,0,0,2174.19,1869.16
GELD-11119,31,46120.69,Employed,743.0,48.49,1,6403.34,0.122,Personal,Seattle,10.9,0,Moderate,0.0,0,0.0117,0,0,0.0,74.92
GELD-11120,55,51462.14,Retired,664.0,37.48,3,12270.71,0.113,Business,New York,19.9,0,Moderate,0.2684,0,0.429,0,1,3293.46,5264.13
GELD-11121,57,22517.12,Retired,616.0,43.89,6,6351.61,0.232,Business,Denver,16.1,1,Moderate,1.0,1,0.756,1,1,6351.61,4801.82
GELD-11122,62,35776.94,Retired,850.0,36.01,1,6223.71,0.125,Personal,Los Angeles,17.0,0,Moderate,0.0,0,0.0175,0,0,0.0,108.91
GELD-11123,33,13556.23,Unemployed,599.0,50.28,5,10855.08,0.494,Business,Seattle,12.9,1,High,1.0,1,0.9927,1,0,10855.08,10775.84
GELD-11124,56,92575.35,Self-Employed,679.0,28.53,0,6716.56,0.05,Personal,Denver,1.3,0,Low,0.0,0,0.0198,0,1,0.0,132.99
GELD-11125,33,69741.3,Employed,730.0,55.14,1,16401.97,0.118,Business,Atlanta,4.5,0,High,0.0,0,0.0125,0,0,0.0,205.02
GELD-11126,32,62970.68,Employed,756.0,75.48,2,9068.05,0.137,Personal,New York,18.5,0,Very High,0.0053,0,0.1278,0,0,48.06,1158.9
GELD-11127,57,49943.0,Employed,635.0,12.41,0,5903.44,0.05,Personal,Atlanta,7.6,0,Low,0.0,0,0.0031,0,0,0.0,18.3
GELD-11128,30,57069.29,Employed,544.0,13.76,0,48797.4,0.193,Personal,Seattle,2.5,0,Low,0.0,0,0.0604,0,1,0.0,2947.36
GELD-11129,29,58455.775,Employed,634.0,57.81,2,11759.27,0.129,Personal,Seattle,14.2,0,High,0.088,0,0.1054,0,0,1034.82,1239.43
GELD-11130,27,52812.97,Self-Employed,735.0,53.84,0,20206.97,0.168,Personal,New York,6.3,0,High,0.0,0,0.0175,0,0,0.0,353.62
GELD-11131,22,82103.27,Employed,720.0,45.3,4,14878.32,0.086,Personal,Atlanta,5.7,1,Moderate,0.9988,1,0.7884,1,0,14860.47,11730.07
GELD-11132,43,62900.49,Employed,722.0,22.35,2,9037.64,0.061,Personal,Chicago,20.0,0,Low,0.0,0,0.011,0,0,0.0,99.41
GELD-11133,59,81054.04,Employed,725.0,67.95,3,7011.95,0.093,Personal,Atlanta,17.2,1,High,0.8818,1,0.8053,1,0,6183.14,5646.72
GELD-11134,60,96436.41,Self-Employed,769.0,13.75,0,34099.97,0.084,Personal,Seattle,8.5,0,Low,0.0,0,0.0028,0,0,0.0,95.48
GELD-11135,59,56427.37,Employed,621.0,56.07,3,43232.03,0.243,Personal,Atlanta,19.6,1,High,0.9973,1,0.7471,1,1,43115.3,32298.65
GELD-11136,41,63170.84,Retired,591.0,27.26,0,10140.72,0.071,Business,Denver,13.2,0,Low,0.0,0,0.0,0,0,0.0,0.0
GELD-11137,43,228773.51,Employed,701.0,26.39,1,9293.39,0.05,Personal,Los Angeles,15.0,0,Low,0.0,0,0.0,0,0,0.0,0.0
GELD-11138,49,85424.91,Employed,602.0,62.22,2,23795.4,0.121,Business,Chicago,1.1,1,High,0.9765,1,0.81,1,0,23236.21,19274.27
GELD-11139,34,136777.62,Employed,587.0,78.81,1,10429.55,0.067,Personal,Houston,2.9,0,Very High,0.0044,0,0.1697,0,0,45.89,1769.89
GELD-11140,46,29100.37,Unemployed,761.0,39.33,2,17155.48,0.24,Personal,Denver,12.8,0,Moderate,0.0009,0,0.2772,0,0,15.44,4755.5
GELD-11141,71,43504.4,Employed,693.0,8.54,0,16895.61,0.095,Personal,Los Angeles,18.0,0,Low,0.0,0,0.0057,0,1,0.0,96.3
GELD-11142,25,74911.47,Self-Employed,677.0,52.61,0,12362.15,0.096,Business,Houston,12.7,0,High,0.0,0,0.0157,0,1,0.0,194.09
GELD-11143,51,57029.69,Employed,678.0,24.54,1,13347.17,0.086,Personal,New York,3.1,0,Low,0.0,0,0.0,0,0,0.0,0.0
GELD-11144,45,50606.06,Employed,668.0,47.54,3,15089.53,0.144,Personal,Houston,2.8,1,Moderate,0.9539,1,0.8999,1,0,14393.9,13579.07
GELD-11145,51,43844.11,Retired,760.0,27.13,0,6290.84,0.084,Personal,Denver,17.0,0,Low,0.0,0,0.0086,0,0,0.0,54.1
GELD-11146,70,25754.31,Unemployed,569.0,26.78,3,8039.81,0.156,Business,Atlanta,3.2,1,Low,0.9989,1,0.7662,1,0,8030.97,6160.1
GELD-11147,40,41070.02,Self-Employed,566.0,12.69,3,13841.92,0.095,Personal,Denver,10.6,0,Low,0.0658,0,0.2066,0,0,910.8,2859.74
GELD-11148,64,58455.775,Retired,609.0,20.38,0,9204.36,0.063,Personal,Houston,1.2,0,Low,0.0,0,0.0089,0,0,0.0,81.92
GELD-11149,37,56196.9,Retired,695.0,40.03,2,63985.49,0.292,Personal,Seattle,2.1,0,Moderate,0.022,0,0.0714,0,0,1407.68,4568.56
GELD-11150,65,73863.61,Self-Employed,801.0,66.19,1,13089.26,0.116,Personal,Los Angeles,13.6,0,High,0.0,0,0.0291,0,0,0.0,380.9
GELD-11151,22,28666.05,Unemployed,736.0,43.11,3,4260.25,0.165,Personal,Los Angeles,13.9,1,Moderate,0.893,1,0.8425,1,0,3804.4,3589.26
GELD-11152,45,113670.24,Self-Employed,716.0,36.97,2,2234.19,0.05,Personal,Houston,7.2,0,Moderate,0.0,0,0.0032,0,0,0.0,7.15
GELD-11153,33,168384.72,Self-Employed,669.0,18.9,2,19784.14,0.05,Personal,Los Angeles,4.7,0,Low,0.0,0,0.0042,0,0,0.0,83.09
GELD-11154,59,90065.14,Employed,582.0,79.26,4,13157.64,0.108,Personal,Seattle,16.4,1,Very High,1.0,1,0.9235,1,0,13157.64,12151.08
GELD-11155,48,69880.14,Self-Employed,711.0,10.71,0,28693.0,0.096,Personal,Denver,4.7,0,Low,0.0,0,0.0,0,0,0.0,0.0
GELD-11156,62,128372.29,Employed,817.0,52.92,1,8214.04,0.05,Business,Los Angeles,11.1,0,High,0.0,0,0.019,0,0,0.0,156.07
GELD-11157,26,47369.27,Retired,658.0,22.73,0,11244.64,0.091,Business,Houston,19.4,0,Low,0.0,0,0.0,0,0,0.0,0.0
GELD-11158,23,41024.22,Retired,636.0,21.11,0,14293.04,0.116,Personal,Chicago,3.4,0,Low,0.0,0,0.0056,0,0,0.0,80.04
GELD-11159,55,103824.26,Employed,659.0,39.34,0,11014.45,0.055,Personal,Chicago,18.8,0,Moderate,0.0,0,0.0085,0,0,0.0,93.62
GELD-11160,38,24535.78,Unemployed,717.0,75.18,4,11759.27,0.372,Personal,New York,4.1,1,Very High,1.0,1,0.967,1,1,11759.27,11371.21
GELD-11161,31,26000.59,Employed,683.0,52.37,0,18682.81,0.325,Business,Los Angeles,11.6,0,High,0.0,0,0.0681,0,0,0.0,1272.3
GELD-11164,39,90775.79,Employed,658.0,32.55,0,36210.52,0.112,Personal,Los Angeles,5.8,0,Moderate,0.0,0,0.0125,0,0,0.0,452.63
GELD-11165,42,47179.12,Unemployed,691.0,42.88,1,32633.12,0.22,Personal,Atlanta,8.3,0,Moderate,0.0,0,0.1349,0,0,0.0,4402.21
GELD-11166,39,16137.43,Unemployed,637.0,65.33,2,4090.71,0.415,Personal,Seattle,19.7,1,High,0.9883,1,0.8332,1,0,4042.85,3408.38
GELD-11167,67,134782.33,Employed,797.0,74.34,2,9010.37,0.063,Personal,Los Angeles,11.0,0,High,0.0018,0,0.1161,0,0,16.22,1046.1
GELD-11168,36,71917.9,Employed,733.0,42.62,1,14390.78,0.093,Personal,Los Angeles,10.3,0,Moderate,0.0,0,0.0085,0,0,0.0,122.32
GELD-11169,44,86854.18,Employed,598.0,50.48,1,26023.02,0.112,Personal,Chicago,5.5,0,High,0.0002,0,0.0542,0,0,5.2,1410.45
GELD-11170,61,99372.01,Employed,623.0,75.19,2,13710.8,0.096,Personal,Seattle,14.2,0,Very High,0.3758,0,0.3128,0,0,5152.52,4288.74
GELD-11171,24,18822.58,Retired,715.0,36.62,3,26052.32,0.452,Personal,Houston,0.8,1,Moderate,0.9789,1,0.8584,1,0,25502.62,22363.31
GELD-11172,35,42099.72,Self-Employed,688.0,32.06,1,8089.9,0.107,Personal,Los Angeles,1.5,0,Moderate,0.0,0,0.0188,0,0,0.0,152.09
GELD-11173,45,41475.55,Employed,696.0,64.74,3,14733.49,0.212,Personal,Chicago,12.2,1,High,0.9981,1,0.9405,1,0,14705.5,13856.85
GELD-11174,64,107204.95,Self-Employed,662.0,67.35,3,14957.66,0.084,Business,New York,7.2,1,High,0.9974,1,0.9256,1,0,14918.77,13844.81
GELD-11175,55,57673.01,Employed,707.0,54.49,5,26582.44,0.177,Personal,Seattle,19.1,1,High,1.0,1,0.7484,1,1,26582.44,19894.3
GELD-11176,34,41865.26,Unemployed,663.0,71.84,8,20850.51,0.254,Personal,Chicago,18.1,1,High,1.0,1,0.9454,1,1,20850.51,19712.07
GELD-11177,69,66271.76,Employed,714.0,45.75,1,18288.01,0.117,Personal,Chicago,14.4,0,Moderate,0.0,0,0.0314,0,1,0.0,574.24
GELD-11178,39,11804.4,Unemployed,729.0,57.39,4,20122.58,0.778,Personal,Denver,16.5,1,High,1.0,1,0.9816,1,0,20122.58,19752.32
GELD-11180,56,40655.81,Retired,639.0,21.76,0,10906.6,0.102,Personal,Denver,2.9,0,Low,0.0,0,0.003,0,0,0.0,32.72
GELD-11181,27,83436.02,Employed,674.0,46.41,1,6614.74,0.066,Business,Los Angeles,15.4,0,Moderate,0.0,0,0.0,0,0,0.0,0.0
GELD-11182,50,42481.46,Self-Employed,590.0,45.13,1,8169.21,0.134,Personal,Los Angeles,4.6,0,Moderate,0.0006,0,0.0617,0,1,4.9,504.04
GELD-11183,39,50992.78,Retired,803.0,28.34,1,10891.67,0.093,Personal,New York,6.8,0,Low,0.0,0,0.0024,0,1,0.0,26.14
GELD-11184,69,96374.24,Employed,537.0,19.1,0,3121.79,0.05,Personal,Atlanta,16.5,0,Low,0.0,0,0.0072,0,1,0.0,22.48
GELD-11185,45,27409.26,Retired,793.0,48.57,2,11129.92,0.241,Personal,Atlanta,11.0,0,Moderate,0.0006,0,0.1895,0,1,6.68,2109.12
GELD-11186,36,160511.48,Self-Employed,682.0,13.78,1,7557.6,0.05,Personal,Atlanta,17.3,0,Low,0.0,0,0.0,0,0,0.0,0.0
GELD-11187,67,52067.88,Employed,704.0,20.74,2,6414.63,0.06,Personal,Denver,4.7,0,Low,0.0,0,0.0122,0,0,0.0,78.26
GELD-11188,60,42194.91,Employed,663.0,13.26,3,12804.02,0.089,Personal,Seattle,12.4,0,Low,0.0016,0,0.1914,0,1,20.49,2450.69
GELD-11189,71,33251.32,Self-Employed,677.0,9.22,1,9573.55,0.083,Personal,Seattle,2.1,0,Low,0.0,0,0.02,0,0,0.0,191.47
GELD-11190,28,114609.77,Employed,716.0,26.61,1,14837.32,0.05,Personal,New York,13.0,0,Low,0.0,0,0.0,0,0,0.0,0.0
GELD-11191,38,66856.06,Employed,560.0,19.69,1,8190.31,0.051,Personal,Seattle,15.4,0,Low,0.0,0,0.0065,0,1,0.0,53.24
GELD-11192,48,53333.57,Employed,629.0,85.82,2,10879.55,0.186,Personal,Atlanta,11.9,1,Very High,0.9912,1,0.8148,1,0,10783.81,8864.66
GELD-11193,36,34085.85,Self-Employed,616.0,64.43,3,52849.87,0.48,Personal,Atlanta,5.7,1,High,1.0,1,0.9313,1,0,52849.87,49219.08
GELD-11194,39,55538.8,Employed,706.0,81.91,4,17568.46,0.196,Business,Chicago,1.1,1,Very High,1.0,1,0.9413,1,0,17568.46,16537.19
GELD-11195,62,110392.94,Retired,675.0,9.32,0,7276.15,0.05,Personal,Seattle,2.8,0,Low,0.0,0,0.0028,0,1,0.0,20.37
GELD-11196,37,13425.51,Retired,718.0,31.16,3,25429.35,0.588,Personal,Los Angeles,12.6,1,Moderate,0.9811,1,0.857,1,0,24948.74,21792.95
GELD-11197,65,29771.28,Retired,687.0,32.96,1,11759.27,0.179,Personal,Los Angeles,18.7,0,Moderate,0.0,0,0.021,0,0,0.0,246.94
GELD-11198,33,148264.45,Self-Employed,749.0,12.58,1,17312.93,0.05,Personal,Chicago,4.5,0,Low,0.0,0,0.0,0,0,0.0,0.0
GELD-11199,27,116080.35,Employed,623.0,63.09,2,7561.51,0.062,Personal,Chicago,14.8,0,High,0.0536,0,0.217,0,1,405.3,1640.85
GELD-11200,47,51185.85,Self-Employed,679.0,9.1,0,22466.67,0.104,Personal,Chicago,17.4,0,Low,0.0,0,0.0,0,0,0.0,0.0
GELD-11201,30,72520.01,Employed,753.0,38.77,2,11759.27,0.081,Business,Los Angeles,10.7,0,Moderate,0.0003,0,0.0274,0,0,3.53,322.2
GELD-11202,54,81497.03,Employed,739.0,28.49,1,27187.38,0.098,Personal,Atlanta,13.6,0,Low,0.0,0,0.0052,0,0,0.0,141.37
GELD-11204,45,147709.47,Employed,604.0,5.64,0,10221.93,0.05,Personal,New York,5.6,0,Low,0.0,0,0.0,0,0,0.0,0.0
GELD-11205,26,27197.15,Unemployed,669.0,55.07,2,16554.85,0.304,Business,Denver,6.3,1,High,0.977,1,0.8451,1,0,16174.09,13990.5
GELD-11206,44,110302.55,Self-Employed,659.0,51.6,3,28174.13,0.093,Personal,Chicago,0.5,1,High,0.9713,1,0.8451,1,0,27365.53,23809.96
GELD-11207,38,71805.72,Employed,670.0,21.13,1,11759.27,0.059,Personal,Denver,19.3,0,Low,0.0,0,0.0,0,1,0.0,0.0
GELD-11208,43,26513.92,Employed,731.0,55.13,2,12285.92,0.28,Personal,Houston,18.4,0,High,0.0052,0,0.1941,0,0,63.89,2384.7
GELD-11209,26,25489.74,Retired,695.0,57.43,1,9454.03,0.277,Personal,Chicago,15.4,0,High,0.0001,0,0.041,0,0,0.95,387.62
GELD-11210,49,42480.69,Employed,699.0,28.77,0,7387.89,0.096,Personal,Los Angeles,2.0,0,Low,0.0,0,0.0083,0,1,0.0,61.32
GELD-11211,45,59149.38,Employed,722.0,43.32,2,4968.51,0.083,Personal,Seattle,9.2,0,Moderate,0.0002,0,0.0085,0,0,0.99,42.23
GELD-11212,37,168600.35,Employed,750.0,40.09,2,6610.26,0.05,Personal,Chicago,2.5,0,Moderate,0.0,0,0.0021,0,1,0.0,13.88
GELD-11213,66,23216.06,Unemployed,461.0,45.17,3,13924.2,0.295,Personal,Seattle,0.8,1,Moderate,1.0,1,0.928,1,1,13924.2,12921.66
GELD-11214,44,63094.91,Self-Employed,648.0,54.61,2,22760.71,0.15,Personal,Houston,12.5,0,High,0.0224,0,0.1223,0,0,509.84,2783.63
GELD-11215,31,115537.58,Employed,613.0,29.2,0,7028.69,0.05,Personal,New York,19.2,0,Low,0.0,0,0.0028,0,0,0.0,19.68
GELD-11216,46,34428.93,Employed,708.0,55.98,2,19385.47,0.259,Personal,Seattle,18.1,0,High,0.0195,0,0.1481,0,0,378.02,2870.99
GELD-11217,71,53084.34,Self-Employed,643.0,11.34,0,7207.37,0.05,Business,Denver,14.1,0,Low,0.0,0,0.0121,0,1,0.0,87.21
GELD-11218,54,49672.27,Self-Employed,680.0,15.37,1,7752.69,0.059,Business,Atlanta,2.4,0,Low,0.0,0,0.0017,0,0,0.0,13.18
GELD-11219,48,79151.48,Employed,735.0,59.57,2,6363.1,0.084,Personal,Chicago,5.8,0,High,0.0064,0,0.1061,0,0,40.72,675.12
GELD-11220,23,62610.66,Retired,633.0,27.67,0,26879.09,0.126,Business,Houston,6.7,0,Low,0.0,0,0.0028,0,0,0.0,75.26
GELD-11221,31,81811.12,Employed,700.0,32.2,3,31692.73,0.113,Business,Houston,15.4,0,Moderate,0.0665,0,0.2079,0,0,2107.57,6588.92
GELD-11222,58,82396.02,Employed,784.0,45.71,3,7805.1,0.069,Business,Seattle,16.1,0,Moderate,0.0326,0,0.2302,0,0,254.45,1796.73
GELD-11223,34,29335.89,Retired,733.0,7.61,0,7439.18,0.074,Personal,New York,8.0,0,Low,0.0,0,0.0057,0,0,0.0,42.4
GELD-11224,71,76446.16,Employed,564.0,26.41,1,17562.88,0.077,Personal,Los Angeles,8.6,0,Low,0.0,0,0.011,0,0,0.0,193.19
GELD-11226,68,89622.58,Employed,700.0,4.55,0,31835.95,0.076,Personal,Houston,6.1,0,Low,0.0,0,0.0,0,0,0.0,0.0
GELD-11227,41,52824.41,Employed,714.0,26.27,0,9594.68,0.081,Personal,New York,9.3,0,Low,0.0,0,0.0028,0,0,0.0,26.87
GELD-11228,59,23869.27,Retired,657.0,16.55,0,10827.79,0.153,Personal,Atlanta,2.8,0,Low,0.0,0,0.0055,0,0,0.0,59.55
GELD-11229,50,58455.775,Employed,630.0,9.63,1,5773.74,0.05,Personal,Houston,9.3,0,Low,0.0,0,0.0085,0,0,0.0,49.08
GELD-11231,71,128472.03,Employed,599.0,11.91,0,12809.97,0.05,Personal,Los Angeles,11.8,0,Low,0.0,0,0.0062,0,0,0.0,79.42
GELD-11232,40,94721.34,Employed,752.0,31.42,0,5378.34,0.05,Personal,Los Angeles,2.0,0,Moderate,0.0,0,0.0031,0,0,0.0,16.67
GELD-11233,68,77005.83,Employed,806.0,28.84,1,8716.8,0.056,Business,Houston,4.2,0,Low,0.0,0,0.0172,0,1,0.0,149.93
GELD-11234,52,31867.5,Self-Employed,703.0,58.15,1,13812.49,0.251,Business,Denver,9.8,0,High,0.0006,0,0.0583,0,0,8.29,805.27
GELD-11236,27,40836.9,Retired,741.0,50.66,1,16017.48,0.19,Business,Seattle,7.5,0,High,0.0,0,0.0395,0,0,0.0,632.69
GELD-11237,29,58782.7,Employed,729.0,43.99,2,22297.65,0.143,Personal,Chicago,10.8,0,Moderate,0.0007,0,0.0372,0,0,15.61,829.47
GELD-11238,65,17899.78,Retired,656.0,30.17,0,17017.85,0.342,Business,New York,11.9,0,Moderate,0.0,0,0.09,0,0,0.0,1531.61
GELD-11239,21,36592.81,Employed,672.0,42.83,0,8972.54,0.154,Personal,Houston,16.0,0,Moderate,0.0,0,0.0247,0,0,0.0,221.62
GELD-11240,49,36374.24,Retired,632.0,32.83,1,24420.98,0.216,Personal,Chicago,7.1,0,Moderate,0.0,0,0.0264,0,0,0.0,644.71
GELD-11241,28,10211.97,Unemployed,687.0,59.67,1,27791.01,0.85,Personal,Seattle,16.2,0,High,0.6469,1,0.3531,0,0,17978.0,9813.01
GELD-11242,24,45043.73,Unemployed,696.0,18.64,3,11759.27,0.089,Personal,Chicago,7.1,0,Low,0.0457,0,0.293,0,1,537.4,3445.47
GELD-11243,55,33301.38,Unemployed,620.0,42.92,3,13219.17,0.195,Personal,Houston,1.6,1,Moderate,0.9989,1,0.9594,1,0,13204.63,12682.47
GELD-11244,23,20679.25,Unemployed,600.0,40.54,4,8334.64,0.257,Personal,Los Angeles,11.3,1,Moderate,1.0,1,0.9625,1,0,8334.64,8022.09
GELD-11245,65,111984.94,Self-Employed,582.0,52.1,2,9471.04,0.059,Business,New York,12.0,0,High,0.0523,0,0.3222,0,1,495.34,3051.57
GELD-11246,60,102279.85,Employed,704.0,28.44,1,23001.28,0.07,Personal,New York,18.7,0,Low,0.0,0,0.003,0,1,0.0,69.0
GELD-11247,27,75359.95,Employed,674.0,36.77,3,36666.98,0.141,Personal,Los Angeles,14.7,0,Moderate,0.4828,0,0.291,0,0,17702.82,10670.09
GELD-11248,47,45094.27,Retired,669.0,42.49,1,9423.99,0.127,Business,Denver,18.4,0,Moderate,0.0,0,0.0234,0,0,0.0,220.52
GELD-11249,21,57854.52,Employed,708.0,34.3,3,10907.66,0.091,Personal,Houston,18.2,0,Moderate,0.0087,0,0.1804,0,0,94.9,1967.74
GELD-11250,47,20845.21,Unemployed,612.0,90.8,2,8198.09,0.471,Personal,New York,12.3,1,Very High,1.0,1,0.9607,1,0,8198.09,7875.91
GELD-11251,36,36259.03,Employed,600.0,52.84,3,9334.87,0.183,Personal,Houston,10.8,1,High,0.9977,1,0.9053,1,0,9313.4,8450.86
GELD-11252,58,131629.7,Employed,337.0,28.08,1,5682.79,0.05,Personal,Seattle,11.4,0,Low,0.0002,0,0.0275,0,1,1.14,156.28
GELD-11253,27,52353.24,Employed,554.0,8.39,0,15638.61,0.074,Personal,Houston,19.6,0,Low,0.0,0,0.0024,0,1,0.0,37.53
GELD-11254,64,67016.24,Self-Employed,657.0,42.92,3,5648.42,0.074,Business,Chicago,15.6,1,Moderate,0.8392,1,0.7688,1,0,4740.15,4342.51
GELD-11255,43,43931.57,Employed,848.0,33.47,2,8699.79,0.108,Personal,Los Angeles,2.6,0,Moderate,0.0,0,0.0193,0,1,0.0,167.91
GELD-11256,61,58879.44,Employed,581.0,49.02,3,11653.05,0.115,Personal,Denver,15.7,1,Moderate,0.9821,1,0.8948,1,0,11444.46,10427.15
GELD-11257,31,238673.04,Employed,645.0,57.31,1,5494.9,0.05,Business,Houston,3.8,0,High,0.0,0,0.0598,0,1,0.0,328.6
GELD-11258,62,47729.31,Employed,526.0,31.11,0,7598.31,0.091,Personal,Denver,9.2,0,Moderate,0.0,0,0.04,0,0,0.0,303.93
GELD-11259,53,126990.57,Employed,659.0,25.78,1,6153.56,0.05,Personal,Denver,4.6,0,Low,0.0,0,0.0,0,0,0.0,0.0
GELD-11260,70,65348.35,Employed,813.0,44.45,1,23383.04,0.133,Personal,Seattle,13.9,0,Moderate,0.0,0,0.0226,0,0,0.0,528.46
GELD-11261,56,36726.84,Unemployed,708.0,54.64,2,28418.77,0.289,Personal,Atlanta,17.6,0,High,0.1583,0,0.5227,1,1,4498.69,14854.49
GELD-11262,57,115851.11,Employed,632.0,27.73,1,7528.22,0.05,Personal,Los Angeles,6.2,0,Low,0.0,0,0.0036,0,1,0.0,27.1
GELD-11263,61,74796.05,Employed,828.0,26.65,1,63448.82,0.202,Personal,Denver,2.1,0,Low,0.0,0,0.018,0,0,0.0,1142.08
GELD-11264,37,58455.775,Employed,553.0,44.56,0,6902.08,0.092,Personal,New York,6.3,0,Moderate,0.0,0,0.0151,0,0,0.0,104.22
GELD-11265,55,60855.6,Employed,707.0,15.06,2,9377.26,0.053,Business,Chicago,13.6,0,Low,0.0,0,0.0131,0,1,0.0,122.84
GELD-11266,68,61784.46,Employed,680.0,34.76,1,16248.37,0.103,Personal,New York,6.9,0,Moderate,0.0,0,0.006,0,1,0.0,97.49
GELD-11267,25,153118.4,Employed,658.0,28.94,1,17195.01,0.05,Personal,Seattle,5.9,0,Low,0.0,0,0.0191,0,0,0.0,328.42
GELD-11269,52,29827.11,Employed,592.0,32.89,1,23307.86,0.256,Personal,New York,10.2,0,Moderate,0.0,0,0.049,0,0,0.0,1142.09
GELD-11270,23,30735.58,Self-Employed,697.0,46.92,1,24815.61,0.299,Personal,Los Angeles,5.9,0,Moderate,0.0002,0,0.0652,0,0,4.96,1617.98
GELD-11271,67,22967.7,Retired,688.0,18.37,1,12032.84,0.177,Personal,New York,14.8,0,Low,0.0,0,0.0184,0,1,0.0,221.4
GELD-11272,55,33848.28,Unemployed,614.0,31.89,5,11047.27,0.15,Business,Houston,2.0,1,Moderate,1.0,1,0.9437,1,0,11047.27,10425.31
GELD-11273,34,93212.65,Employed,811.0,66.66,3,8380.6,0.082,Personal,New York,13.4,0,High,0.1025,0,0.5488,1,1,859.01,4599.27
GELD-11274,68,50343.45,Employed,662.0,10.44,0,6475.96,0.05,Personal,Chicago,5.1,0,Low,0.0,0,0.0,0,0,0.0,0.0
GELD-11275,51,65328.18,Employed,665.0,25.45,1,7478.02,0.058,Personal,Chicago,10.0,0,Low,0.0,0,0.0,0,1,0.0,0.0
GELD-11276,51,40041.26,Employed,603.0,60.8,2,16759.47,0.22,Personal,Atlanta,6.1,1,High,0.9357,1,0.8565,1,0,15681.84,14354.49
GELD-11277,37,58455.775,Retired,664.0,68.9,4,12093.48,0.147,Personal,Chicago,14.6,1,High,1.0,1,0.9365,1,0,12093.48,11325.54
GELD-11278,44,85900.08,Employed,838.0,42.61,1,10440.8,0.069,Personal,New York,18.9,0,Moderate,0.0,0,0.015,0,1,0.0,156.61
GELD-11280,38,53392.82,Employed,711.0,63.11,3,8693.74,0.139,Personal,Los Angeles,11.9,1,High,0.9919,1,0.8034,1,1,8623.32,6984.55
GELD-11281,70,138103.24,Self-Employed,742.0,71.82,3,11765.32,0.064,Business,Denver,9.5,1,High,0.9502,1,0.7703,1,0,11179.41,9062.83
GELD-11282,34,102183.18,Employed,662.0,6.45,0,11220.88,0.05,Business,Chicago,16.5,0,Low,0.0,0,0.003,0,0,0.0,33.66
GELD-11283,70,135439.0,Employed,646.0,20.2,0,12080.84,0.05,Business,Houston,13.8,0,Low,0.0,0,0.0031,0,0,0.0,37.45
GELD-11284,35,58455.775,Employed,708.0,27.84,3,9257.85,0.075,Business,Los Angeles,4.1,0,Low,0.3073,0,0.2593,0,0,2844.94,2400.56
GELD-11285,35,131177.78,Employed,658.0,42.83,1,8082.95,0.05,Personal,Atlanta,16.5,0,Moderate,0.0,0,0.0,0,0,0.0,0.0
GELD-11286,26,176450.24,Employed,652.0,59.03,2,12149.64,0.05,Business,Houston,8.9,0,High,0.0079,0,0.0759,0,0,95.98,922.16
GELD-11287,47,54960.34,Employed,741.0,29.25,2,17852.13,0.113,Personal,New York,4.2,0,Low,0.0,0,0.0089,0,0,0.0,158.88
GELD-11288,35,61736.09,Employed,670.0,20.16,0,8909.24,0.058,Business,Denver,6.0,0,Low,0.0,0,0.0,0,0,0.0,0.0
GELD-11289,70,43197.01,Employed,760.0,24.76,1,2885.88,0.065,Business,New York,5.7,0,Low,0.0,0,0.0165,0,1,0.0,47.62
GELD-11290,56,39541.39,Employed,669.0,67.14,0,5321.53,0.18,Personal,Denver,10.6,0,High,0.0,0,0.0935,0,1,0.0,497.56
GELD-11291,28,39749.47,Employed,583.0,12.23,1,23029.95,0.144,Business,Denver,5.1,0,Low,0.0,0,0.0061,0,0,0.0,140.48
GELD-11292,35,58455.775,Employed,435.0,38.73,1,21943.86,0.135,Personal,New York,2.9,0,Moderate,0.0079,0,0.0317,0,0,173.36,695.62
GELD-11293,23,74879.25,Self-Employed,546.0,10.33,0,17819.61,0.06,Personal,Houston,2.9,0,Low,0.0,0,0.0134,0,1,0.0,238.78
GELD-11294,67,20932.88,Unemployed,558.0,33.3,4,16442.07,0.3,Personal,Houston,11.9,1,Moderate,1.0,1,0.9526,1,0,16442.07,15662.72
GELD-11296,61,74546.65,Employed,607.0,27.38,0,11759.27,0.065,Personal,Houston,6.8,0,Low,0.0,0,0.0063,0,1,0.0,74.08
GELD-11297,54,53553.91,Employed,537.0,49.07,2,13139.12,0.132,Personal,Denver,1.2,1,Moderate,0.8159,1,0.6889,1,0,10720.21,9051.54
GELD-11298,44,64332.05,Self-Employed,666.0,33.18,0,7607.91,0.07,Business,Denver,3.0,0,Moderate,0.0,0,0.0,0,0,0.0,0.0
GELD-11299,60,52179.21,Self-Employed,599.0,30.56,3,10881.28,0.094,Personal,Los Angeles,18.3,0,Moderate,0.527,1,0.538,1,1,5734.43,5854.13
GELD-11300,52,57536.06,Employed,707.0,16.85,1,37712.8,0.157,Business,Seattle,10.1,0,Low,0.0,0,0.0104,0,0,0.0,392.21
GELD-11301,52,26730.48,Retired,706.0,66.13,1,7361.55,0.278,Business,Los Angeles,9.3,0,High,0.0161,0,0.0778,0,0,118.52,572.73
GELD-11302,50,68723.54,Employed,713.0,23.18,0,6008.33,0.05,Business,New York,1.2,0,Low,0.0,0,0.0142,0,0,0.0,85.32
GELD-11303,69,50501.3,Employed,496.0,46.14,2,10762.47,0.125,Business,Seattle,14.7,1,Moderate,0.8847,1,0.3459,0,1,9521.56,3722.74
GELD-11305,21,53185.95,Retired,667.0,45.82,1,14180.0,0.131,Business,New York,4.4,0,Moderate,0.0,0,0.025,0,0,0.0,354.5
GELD-11306,54,87752.97,Self-Employed,589.0,35.55,0,19452.32,0.081,Personal,Atlanta,2.6,0,Moderate,0.0,0,0.019,0,0,0.0,369.59
GELD-11307,35,41248.92,Unemployed,525.0,32.14,5,9655.5,0.117,Personal,Los Angeles,8.0,1,Moderate,1.0,1,0.8713,1,0,9655.5,8412.84
GELD-11308,64,41731.9,Employed,667.0,15.78,1,42790.32,0.239,Personal,Houston,16.8,0,Low,0.0,0,0.0101,0,1,0.0,432.18
GELD-11309,34,22492.85,Unemployed,749.0,91.69,4,11759.27,0.471,Personal,Los Angeles,17.4,1,Very High,1.0,1,0.9781,1,1,11759.27,11501.74
GELD-11310,49,73403.21,Employed,494.0,8.81,0,7645.59,0.05,Personal,Houston,12.3,0,Low,0.0,0,0.0095,0,1,0.0,72.63
GELD-11311,54,28001.8,Retired,617.0,26.58,0,11528.15,0.168,Personal,Seattle,14.7,0,Low,0.0,0,0.0058,0,0,0.0,66.86
GELD-11312,38,85554.63,Employed,684.0,21.94,0,16598.07,0.062,Personal,Atlanta,2.7,0,Low,0.0,0,0.0,0,0,0.0,0.0
GELD-11313,27,36358.07,Unemployed,754.0,38.87,3,7351.44,0.137,Personal,Seattle,12.0,0,Moderate,0.296,0,0.3165,0,0,2176.03,2326.73
GELD-11314,49,82099.15,Employed,653.0,47.52,0,3502.33,0.061,Personal,Atlanta,13.5,0,Moderate,0.0,0,0.0241,0,0,0.0,84.41
GELD-11315,51,58455.775,Self-Employed,810.0,68.32,2,38469.74,0.237,Personal,Los Angeles,4.4,0,High,0.1026,0,0.3854,0,1,3947.0,14826.24
GELD-11316,45,88418.34,Employed,549.0,67.37,1,6221.69,0.083,Personal,Houston,17.7,0,High,0.0009,0,0.0763,0,0,5.6,474.71
GELD-11317,58,70915.97,Self-Employed,534.0,41.42,2,20159.98,0.109,Personal,Seattle,4.3,0,Moderate,0.2373,0,0.1911,0,1,4783.96,3852.57
GELD-11318,34,60652.07,Employed,746.0,31.9,2,18402.79,0.108,Personal,Atlanta,6.6,0,Moderate,0.0,0,0.0113,0,1,0.0,207.95
GELD-11319,28,62583.76,Employed,511.0,3.67,0,7409.29,0.05,Personal,Denver,12.6,0,Low,0.0,0,0.0058,0,1,0.0,42.97
GELD-11320,47,40990.9,Employed,707.0,22.77,0,39180.81,0.241,Business,New York,12.9,0,Low,0.0,0,0.008,0,0,0.0,313.45
GELD-11321,22,29894.52,Employed,654.0,28.03,1,12566.04,0.168,Personal,New York,14.1,0,Low,0.0,0,0.0052,0,0,0.0,65.34
GELD-11322,37,43643.77,Retired,612.0,10.05,0,13130.08,0.081,Personal,Seattle,2.7,0,Low,0.0,0,0.0047,0,0,0.0,61.71
GELD-11323,57,58455.775,Employed,645.0,8.61,0,4803.24,0.05,Personal,Houston,17.1,0,Low,0.0,0,0.0,0,1,0.0,0.0
GELD-11324,34,31773.5,Retired,585.0,18.42,1,3404.34,0.074,Personal,Denver,10.9,0,Low,0.0,0,0.0047,0,0,0.0,16.0
GELD-11325,45,135157.0,Employed,653.0,46.31,1,10451.02,0.05,Business,Seattle,9.7,0,Moderate,0.0,0,0.0027,0,0,0.0,28.22
GELD-11326,50,61118.47,Employed,676.0,44.95,1,11759.27,0.105,Personal,Los Angeles,19.6,0,Moderate,0.0,0,0.0089,0,0,0.0,104.66
GELD-11327,49,11975.58,Unemployed,646.0,61.23,1,3955.66,0.526,Personal,Atlanta,14.9,0,High,0.1957,0,0.2856,0,0,774.12,1129.74
GELD-11328,40,100028.67,Self-Employed,634.0,28.72,0,13189.97,0.052,Personal,Los Angeles,2.8,0,Low,0.0,0,0.0,0,0,0.0,0.0
GELD-11329,41,53333.52,Employed,693.0,24.46,2,12694.99,0.089,Personal,New York,15.3,0,Low,0.0,0,0.0028,0,0,0.0,35.55
GELD-11330,42,104187.81,Employed,791.0,79.08,4,25453.7,0.117,Personal,Atlanta,2.4,1,Very High,1.0,1,0.7567,1,1,25453.7,19260.81
GELD-11331,55,37239.03,Self-Employed,656.0,72.87,1,22245.34,0.296,Personal,Seattle,1.0,0,High,0.1032,0,0.1317,0,1,2295.72,2929.71
GELD-11332,57,79651.8,Employed,732.0,40.22,0,13149.89,0.078,Personal,Los Angeles,8.4,0,Moderate,0.0,0,0.0176,0,1,0.0,231.44
GELD-11333,36,58455.775,Retired,607.0,11.8,1,11428.46,0.057,Personal,Chicago,19.9,0,Low,0.0,0,0.0024,0,0,0.0,27.43
GELD-11334,70,46861.31,Retired,582.0,53.12,0,7848.55,0.136,Personal,Houston,3.9,0,High,0.0,0,0.0776,0,0,0.0,609.05
GELD-11335,69,93430.49,Self-Employed,707.0,33.33,1,6079.87,0.05,Business,Denver,13.6,0,Moderate,0.0,0,0.0081,0,0,0.0,49.25
GELD-11336,63,84160.46,Employed,659.0,17.02,0,8301.24,0.05,Business,Denver,3.9,0,Low,0.0,0,0.0,0,1,0.0,0.0
GELD-11337,37,68269.3,Self-Employed,754.0,64.76,2,6222.41,0.104,Personal,Houston,14.6,0,High,0.0012,0,0.0375,0,0,7.47,233.34
GELD-11338,36,35585.5,Employed,768.0,56.16,2,11349.61,0.206,Personal,Chicago,10.4,0,High,0.007,0,0.1982,0,1,79.45,2249.49
GELD-11339,22,91918.25,Employed,734.0,19.39,0,11839.07,0.05,Personal,New York,13.8,0,Low,0.0,0,0.0,0,0,0.0,0.0
GELD-11340,24,105255.26,Employed,732.0,31.32,0,10251.62,0.05,Personal,Atlanta,4.5,0,Moderate,0.0,0,0.0024,0,0,0.0,24.6
GELD-11341,41,41384.07,Employed,435.0,48.21,1,12908.11,0.167,Personal,Houston,15.0,0,Moderate,0.0183,0,0.0848,0,0,236.22,1094.61
GELD-11342,59,27957.94,Retired,706.0,30.69,1,9177.28,0.164,Business,Chicago,19.9,0,Moderate,0.0,0,0.0405,0,1,0.0,371.68
GELD-11343,54,107269.63,Self-Employed,735.0,4.4,0,20030.21,0.05,Business,Seattle,13.5,0,Low,0.0,0,0.0031,0,0,0.0,62.09
GELD-11344,50,60246.59,Self-Employed,586.0,20.2,0,13866.47,0.076,Personal,Denver,10.1,0,Low,0.0,0,0.0,0,0,0.0,0.0
GELD-11345,26,44732.21,Employed,676.0,10.47,1,9041.56,0.061,Personal,Chicago,18.5,0,Low,0.0,0,0.0,0,0,0.0,0.0
GELD-11346,37,74805.71,Employed,602.0,40.5,0,6003.39,0.065,Business,New York,0.8,0,Moderate,0.0,0,0.0526,0,1,0.0,315.78
GELD-11347,59,49645.55,Employed,747.0,44.79,2,11510.93,0.128,Personal,New York,14.7,0,Moderate,0.0,0,0.0181,0,0,0.0,208.35
GELD-11348,45,47196.69,Retired,608.0,40.58,1,23973.14,0.179,Personal,Los Angeles,17.8,0,Moderate,0.0,0,0.0321,0,0,0.0,769.54
GELD-11349,25,54943.3,Employed,619.0,62.21,1,17217.24,0.165,Personal,Houston,1.7,0,High,0.0032,0,0.0877,0,0,55.1,1509.95
GELD-11350,25,30008.75,Retired,643.0,33.07,0,19051.51,0.226,Personal,Los Angeles,9.3,0,Moderate,0.0,0,0.0438,0,1,0.0,834.46
GELD-11351,40,109062.77,Employed,832.0,73.85,5,18665.45,0.095,Personal,Denver,4.5,1,High,1.0,1,0.8446,1,0,18665.45,15764.84
GELD-11352,36,21789.07,Employed,745.0,30.41,2,25069.25,0.356,Personal,Chicago,11.5,0,Moderate,0.0006,0,0.1791,0,0,15.04,4489.9
GELD-11353,71,84934.69,Self-Employed,788.0,28.63,0,20277.49,0.078,Business,Atlanta,13.2,0,Low,0.0,0,0.014,0,1,0.0,283.88
GELD-11354,61,101260.62,Employed,548.0,13.12,0,13219.42,0.05,Personal,Atlanta,6.4,0,Low,0.0,0,0.0,0,1,0.0,0.0
GELD-11355,57,33604.23,Retired,586.0,25.65,1,9468.77,0.125,Personal,New York,9.5,0,Low,0.0,0,0.0029,0,0,0.0,27.46
GELD-11356,60,62460.54,Retired,769.0,48.12,0,20446.87,0.135,Personal,Atlanta,5.9,0,Moderate,0.0,0,0.0224,0,1,0.0,458.01
GELD-11358,25,49168.45,Employed,628.0,46.73,2,25859.55,0.191,Personal,Denver,3.6,0,Moderate,0.1736,0,0.1612,0,0,4489.22,4168.56
GELD-11359,62,46684.84,Employed,819.0,20.82,0,18288.1,0.118,Personal,Atlanta,17.8,0,Low,0.0,0,0.0,0,0,0.0,0.0
GELD-11360,22,57572.57,Retired,608.0,46.44,3,32310.91,0.185,Business,Chicago,0.7,1,Moderate,0.9999,1,0.7057,1,1,32307.68,22801.81
GELD-11361,29,30175.14,Employed,548.0,24.34,0,6174.88,0.114,Personal,Atlanta,17.7,0,Low,0.0,0,0.0138,0,0,0.0,85.21
GELD-11362,63,138422.55,Self-Employed,678.0,33.92,2,24275.38,0.057,Business,Seattle,11.6,0,Moderate,0.0,0,0.0246,0,1,0.0,597.17
GELD-11363,56,57686.45,Self-Employed,550.0,15.82,0,18000.17,0.087,Personal,Atlanta,7.0,0,Low,0.0,0,0.0089,0,1,0.0,160.2
GELD-11364,42,87265.5,Self-Employed,762.0,31.62,4,8396.06,0.052,Personal,Atlanta,14.6,0,Moderate,0.4331,0,0.248,0,0,3636.33,2082.22
GELD-11365,42,83945.12,Employed,612.0,28.57,0,11138.78,0.057,Personal,Los Angeles,10.4,0,Low,0.0,0,0.0,0,0,0.0,0.0
GELD-11366,42,58455.775,Self-Employed,598.0,10.84,1,10681.17,0.053,Personal,Chicago,10.2,0,Low,0.0,0,0.003,0,0,0.0,32.04
GELD-11367,54,33488.89,Retired,677.0,80.52,3,9711.05,0.274,Personal,New York,2.6,1,Very High,1.0,1,0.9565,1,0,9711.05,9288.62
GELD-11368,49,115736.07,Employed,647.0,40.27,1,5381.98,0.05,Personal,Los Angeles,8.1,0,Moderate,0.0,0,0.0082,0,1,0.0,44.13
GELD-11369,58,52486.8,Employed,693.0,24.72,3,11759.27,0.087,Personal,Houston,5.2,0,Low,0.0089,0,0.1905,0,0,104.66,2240.14
GELD-11370,66,31451.42,Retired,712.0,42.5,2,6851.35,0.165,Business,Chicago,0.8,0,Moderate,0.0435,0,0.0669,0,0,298.03,458.36
GELD-11371,53,98220.44,Employed,660.0,43.38,1,6439.13,0.053,Business,Seattle,7.5,0,Moderate,0.0,0,0.0254,0,1,0.0,163.55
GELD-11372,38,47279.3,Retired,594.0,58.91,0,24822.32,0.217,Business,Chicago,2.3,0,High,0.0001,0,0.1752,0,1,2.48,4348.87
GELD-11373,27,121907.73,Employed,726.0,40.88,2,5210.22,0.05,Personal,Houston,5.5,0,Moderate,0.0,0,0.0054,0,0,0.0,28.14
GELD-11374,21,64331.19,Employed,626.0,29.66,0,10081.11,0.073,Business,Houston,2.3,0,Low,0.0,0,0.0235,0,0,0.0,236.91
GELD-11375,53,58455.775,Retired,614.0,16.76,1,6657.11,0.05,Personal,Houston,2.5,0,Low,0.0,0,0.0082,0,1,0.0,54.59
GELD-11376,21,74879.43,Employed,685.0,19.19,1,32274.67,0.109,Personal,Denver,4.4,0,Low,0.0,0,0.0028,0,0,0.0,90.37
GELD-11377,44,54099.07,Employed,540.0,34.87,0,24010.65,0.147,Personal,New York,20.0,0,Moderate,0.0,0,0.0464,0,0,0.0,1114.09
GELD-11378,24,50017.83,Employed,702.0,17.9,1,11759.27,0.079,Personal,Atlanta,0.5,0,Low,0.0,0,0.0182,0,0,0.0,214.02
GELD-11379,24,96215.88,Employed,689.0,16.3,1,6646.03,0.05,Personal,Chicago,13.0,0,Low,0.0,0,0.0078,0,0,0.0,51.84
GELD-11380,38,150873.92,Employed,754.0,9.22,0,19155.47,0.05,Personal,Denver,3.3,0,Low,0.0,0,0.0,0,0,0.0,0.0
GELD-11381,47,58455.775,Employed,640.0,32.93,1,15677.94,0.104,Business,Atlanta,18.5,0,Moderate,0.0,0,0.0247,0,1,0.0,387.25
GELD-11382,63,29610.94,Retired,768.0,59.87,2,9774.69,0.248,Personal,Atlanta,2.3,0,High,0.0573,0,0.3141,0,1,560.09,3070.23
GELD-11383,52,61755.89,Employed,712.0,43.81,2,9247.1,0.094,Personal,Seattle,19.1,0,Moderate,0.0001,0,0.0065,0,0,0.92,60.11
GELD-11384,53,83421.43,Self-Employed,673.0,70.41,4,10505.72,0.101,Personal,Houston,12.4,1,High,1.0,1,0.9144,1,0,10505.72,9606.43
GELD-11385,48,74299.97,Employed,802.0,72.09,0,20767.81,0.143,Business,New York,0.5,0,High,0.0,0,0.0537,0,0,0.0,1115.23
GELD-11386,62,36953.45,Unemployed,682.0,34.21,3,31021.15,0.251,Personal,Seattle,17.9,1,Moderate,0.7689,1,0.8754,1,0,23852.16,27155.91
GELD-11387,61,89258.37,Employed,639.0,20.35,2,36085.01,0.101,Personal,Los Angeles,10.7,0,Low,0.0,0,0.0217,0,1,0.0,783.04
GELD-11388,56,27866.72,Retired,684.0,29.68,1,7780.17,0.152,Business,Denver,5.6,0,Low,0.0,0,0.0085,0,0,0.0,66.13
GELD-11389,26,52997.86,Employed,637.0,21.29,0,12516.62,0.083,Business,Denver,15.5,0,Low,0.0,0,0.0028,0,1,0.0,35.05
GELD-11390,36,35547.48,Employed,701.0,53.12,2,27068.01,0.287,Personal,New York,18.6,0,High,0.0091,0,0.1773,0,0,246.32,4799.16
GELD-11391,54,110758.31,Employed,767.0,44.68,0,7169.99,0.05,Personal,Atlanta,9.9,0,Moderate,0.0,0,0.0082,0,1,0.0,58.79
GELD-11392,43,27001.58,Employed,674.0,20.58,1,8028.5,0.128,Personal,Denver,6.7,0,Low,0.0,0,0.0086,0,1,0.0,69.05
GELD-11393,70,37141.88,Employed,681.0,17.95,0,19499.07,0.148,Personal,New York,15.9,0,Low,0.0,0,0.007,0,0,0.0,136.49
GELD-11394,62,52558.86,Employed,731.0,39.32,1,9125.15,0.102,Personal,Denver,13.8,0,Moderate,0.0,0,0.0052,0,0,0.0,47.45
GELD-11395,44,22663.19,Unemployed,758.0,38.57,3,4987.82,0.197,Business,Denver,17.8,0,Moderate,0.6464,1,0.6629,1,1,3224.13,3306.43
GELD-11396,69,58455.775,Employed,643.0,48.03,0,11759.27,0.114,Personal,Houston,14.0,0,Moderate,0.0,0,0.0559,0,1,0.0,657.34
GELD-11397,33,56142.41,Employed,687.0,63.7,3,21898.63,0.18,Personal,Los Angeles,5.2,1,High,0.9995,1,0.947,1,0,21887.68,20738.0
GELD-11398,38,56642.36,Employed,731.0,65.42,3,14036.55,0.154,Personal,Houston,18.7,1,High,0.8518,1,0.9026,1,0,11956.33,12669.39
GELD-11399,33,71521.41,Self-Employed,698.0,40.07,2,4734.62,0.064,Personal,Los Angeles,2.5,0,Moderate,0.0013,0,0.0135,0,0,6.16,63.92
GELD-11400,69,38206.84,Employed,545.0,45.01,1,8388.68,0.15,Personal,Denver,5.7,0,Moderate,0.0008,0,0.0635,0,0,6.71,532.68
GELD-11401,57,43207.54,Employed,744.0,42.5,3,36085.07,0.256,Personal,Seattle,10.6,0,Moderate,0.5463,1,0.3485,0,0,19713.27,12575.65
GELD-11402,63,140985.97,Employed,712.0,50.36,1,11594.74,0.05,Personal,Atlanta,11.5,0,High,0.0,0,0.0081,0,0,0.0,93.92
GELD-11403,59,79306.83,Self-Employed,717.0,53.92,1,10445.86,0.088,Personal,Denver,0.8,0,High,0.0,0,0.0266,0,0,0.0,277.86
GELD-11404,62,93185.93,Self-Employed,592.0,24.16,0,12148.07,0.05,Personal,Los Angeles,15.7,0,Low,0.0,0,0.0083,0,1,0.0,100.83
GELD-11405,37,67921.84,Employed,686.0,20.73,1,13671.64,0.068,Personal,Los Angeles,7.6,0,Low,0.0,0,0.0,0,0,0.0,0.0
GELD-11406,35,17666.25,Unemployed,734.0,37.41,5,9561.6,0.299,Business,Los Angeles,8.4,1,Moderate,1.0,1,0.9338,1,0,9561.6,8928.62
GELD-11407,38,21283.88,Unemployed,613.0,53.93,6,27019.75,0.482,Personal,Denver,16.3,1,High,1.0,1,0.984,1,0,27019.75,26587.43
GELD-11408,43,91805.38,Employed,632.0,52.91,1,9112.68,0.072,Personal,New York,7.9,0,High,0.0,0,0.0309,0,0,0.0,281.58
GELD-11409,71,55338.97,Retired,735.0,44.16,0,21944.24,0.151,Personal,Seattle,1.4,0,Moderate,0.0,0,0.0169,0,0,0.0,370.86
GELD-11410,50,62507.9,Employed,628.0,37.28,1,36079.02,0.169,Personal,New York,3.9,0,Moderate,0.0,0,0.0145,0,1,0.0,523.15
GELD-11411,54,101713.92,Employed,660.0,34.1,2,15163.31,0.06,Personal,Atlanta,19.1,0,Moderate,0.0,0,0.0189,0,1,0.0,286.59
GELD-11412,24,58455.775,Employed,603.0,26.17,3,6447.29,0.062,Personal,Denver,1.9,1,Low,0.4045,0,0.6763,1,0,2607.93,4360.3
GELD-11413,23,98866.84,Employed,406.0,58.38,4,13533.8,0.081,Business,Los Angeles,7.4,1,High,1.0,1,0.9066,1,0,13533.8,12269.74
GELD-11414,27,54605.63,Employed,711.0,25.53,2,8619.14,0.074,Personal,Seattle,10.3,0,Low,0.0,0,0.0024,0,1,0.0,20.69
GELD-11415,38,43559.85,Retired,657.0,42.82,1,11759.27,0.142,Personal,Seattle,10.1,0,Moderate,0.0,0,0.0163,0,0,0.0,191.68
GELD-11416,62,49404.78,Employed,644.0,34.22,0,13689.01,0.118,Personal,Chicago,0.6,0,Moderate,0.0,0,0.0333,0,1,0.0,455.84
GELD-11417,27,36424.16,Employed,589.0,36.34,1,11255.0,0.152,Business,Atlanta,10.3,0,Moderate,0.0002,0,0.0261,0,0,2.25,293.76
GELD-11418,60,77100.64,Employed,667.0,42.62,0,6601.04,0.067,Personal,Seattle,8.0,0,Moderate,0.0,0,0.0128,0,1,0.0,84.49
GELD-11419,26,17959.03,Retired,722.0,18.97,0,3957.77,0.139,Personal,Denver,19.5,0,Low,0.0,0,0.0236,0,0,0.0,93.4
GELD-11420,42,55278.82,Employed,618.0,64.05,1,7428.47,0.131,Personal,Los Angeles,3.6,0,High,0.0111,0,0.0746,0,0,82.46,554.16
GELD-11421,21,45908.55,Employed,682.0,12.86,0,17865.52,0.103,Personal,Los Angeles,7.4,0,Low,0.0,0,0.0028,0,0,0.0,50.02
GELD-11422,24,61159.19,Employed,649.0,34.64,1,24579.8,0.131,Business,Seattle,8.7,0,Moderate,0.0,0,0.0144,0,0,0.0,353.95
GELD-11423,66,58455.775,Employed,772.0,54.77,1,10036.05,0.119,Personal,New York,8.1,0,High,0.0,0,0.0224,0,1,0.0,224.81
GELD-11424,69,37080.42,Retired,630.0,38.53,2,6858.11,0.131,Personal,Atlanta,13.5,0,Moderate,0.0027,0,0.0494,0,0,18.52,338.79
GELD-11425,70,58455.775,Retired,729.0,35.95,0,13545.86,0.102,Business,Los Angeles,4.7,0,Moderate,0.0,0,0.0086,0,0,0.0,116.49
GELD-11426,63,92291.35,Employed,773.0,20.96,2,18271.58,0.06,Business,Seattle,4.8,0,Low,0.0,0,0.0351,0,1,0.0,641.33
GELD-11427,49,28765.64,Retired,649.0,46.87,0,19270.2,0.281,Business,Los Angeles,14.7,0,Moderate,0.0,0,0.0735,0,0,0.0,1416.36
GELD-11428,41,50678.7,Self-Employed,634.0,13.93,0,13585.04,0.078,Personal,Seattle,10.3,0,Low,0.0,0,0.0052,0,0,0.0,70.64
GELD-11429,46,68333.63,Retired,740.0,11.59,0,41863.38,0.138,Personal,Atlanta,8.6,0,Low,0.0,0,0.0,0,0,0.0,0.0
GELD-11430,34,63848.93,Employed,550.0,81.05,1,25882.69,0.195,Personal,Seattle,3.8,1,Very High,0.6836,1,0.6195,1,0,17693.41,16034.33
GELD-11431,29,83209.14,Employed,705.0,39.36,1,5804.15,0.057,Personal,Chicago,4.2,0,Moderate,0.0,0,0.0,0,0,0.0,0.0
GELD-11432,67,82925.88,Employed,565.0,34.48,3,11759.27,0.066,Personal,Seattle,0.7,1,Moderate,0.9475,1,0.8063,1,0,11141.91,9481.5
GELD-11433,32,38596.06,Self-Employed,761.0,72.35,2,6135.23,0.201,Personal,Seattle,2.3,0,High,0.3682,0,0.2074,0,0,2258.99,1272.45
GELD-11434,62,46986.04,Employed,657.0,39.91,0,24367.78,0.18,Personal,Denver,11.4,0,Moderate,0.0,0,0.0189,0,0,0.0,460.55
GELD-11435,71,78347.26,Employed,669.0,46.56,1,4334.86,0.065,Personal,Atlanta,17.9,0,Moderate,0.0,0,0.0484,0,1,0.0,209.81
GELD-11436,71,26100.46,Employed,624.0,11.28,1,15907.34,0.161,Business,Denver,6.1,0,Low,0.0,0,0.0172,0,0,0.0,273.61
GELD-11437,26,60169.21,Self-Employed,564.0,21.51,0,10916.15,0.068,Personal,Seattle,6.9,0,Low,0.0,0,0.0061,0,0,0.0,66.59
GELD-11438,40,44829.53,Employed,764.0,24.37,0,5728.02,0.074,Business,Atlanta,2.8,0,Low,0.0,0,0.0,0,0,0.0,0.0
GELD-11439,44,109068.1,Self-Employed,663.0,27.04,0,14034.96,0.05,Personal,Chicago,8.1,0,Low,0.0,0,0.0,0,0,0.0,0.0
GELD-11440,47,42636.0,Retired,850.0,13.17,0,10874.04,0.079,Personal,Atlanta,1.2,0,Low,0.0,0,0.0058,0,0,0.0,63.07
GELD-11441,58,113103.75,Employed,618.0,43.92,1,11759.27,0.056,Personal,Los Angeles,18.4,0,Moderate,0.0,0,0.0151,0,0,0.0,177.56
GELD-11442,28,65016.34,Self-Employed,630.0,17.78,1,4554.22,0.05,Personal,Denver,13.6,0,Low,0.0,0,0.0028,0,0,0.0,12.75
GELD-11443,21,62865.32,Employed,612.0,10.61,0,7071.75,0.05,Personal,Atlanta,19.8,0,Low,0.0,0,0.0,0,0,0.0,0.0
GELD-11444,69,36505.9,Retired,663.0,24.98,1,7157.22,0.101,Personal,Chicago,17.7,0,Low,0.0,0,0.003,0,0,0.0,21.47
GELD-11445,69,52765.81,Employed,785.0,58.94,1,17979.5,0.169,Personal,Houston,9.7,0,High,0.0,0,0.0364,0,0,0.0,654.45
GELD-11446,44,221481.72,Self-Employed,746.0,39.14,2,10482.05,0.05,Personal,Seattle,10.6,0,Moderate,0.0,0,0.0033,0,0,0.0,34.59
GELD-11447,67,25793.63,Unemployed,570.0,43.57,6,24550.28,0.342,Personal,Atlanta,4.2,1,Moderate,1.0,1,0.9837,1,0,24550.28,24150.11
GELD-11448,27,23912.37,Retired,759.0,16.54,1,9515.94,0.142,Personal,Seattle,9.5,0,Low,0.0,0,0.0073,0,0,0.0,69.47
GELD-11449,39,217007.89,Self-Employed,723.0,79.37,1,13799.54,0.05,Business,New York,18.1,0,Very High,0.0,0,0.1234,0,0,0.0,1702.86
GELD-11450,42,55147.08,Employed,709.0,35.2,2,29452.8,0.164,Business,Los Angeles,1.5,0,Moderate,0.0194,0,0.0643,0,0,571.38,1893.82
GELD-11451,55,76459.65,Employed,627.0,26.97,0,4172.38,0.05,Personal,Denver,17.3,0,Low,0.0,0,0.0028,0,0,0.0,11.68
GELD-11452,50,69997.31,Retired,632.0,38.67,1,12300.55,0.085,Personal,Los Angeles,7.1,0,Moderate,0.0,0,0.0235,0,0,0.0,289.06
GELD-11453,49,33120.93,Employed,685.0,38.14,0,11861.53,0.175,Personal,New York,18.0,0,Moderate,0.0,0,0.0033,0,0,0.0,39.14
GELD-11454,42,45601.82,Employed,636.0,46.81,0,7534.85,0.125,Business,New York,18.8,0,Moderate,0.0,0,0.0192,0,1,0.0,144.67
GELD-11455,31,88461.72,Retired,767.0,29.14,1,10956.44,0.054,Personal,Denver,13.6,0,Low,0.0,0,0.0,0,0,0.0,0.0
GELD-11456,40,59803.96,Self-Employed,633.0,45.63,3,11759.27,0.108,Personal,Atlanta,13.5,1,Moderate,0.8992,1,0.8049,1,0,10573.94,9465.04
GELD-11457,49,103714.95,Self-Employed,539.0,70.83,2,7725.29,0.076,Business,New York,9.3,1,High,0.9778,1,0.5286,1,1,7553.79,4083.59
GELD-11458,71,53956.81,Employed,584.0,55.69,3,12497.01,0.139,Personal,Houston,16.8,1,High,0.9934,1,0.9434,1,0,12414.53,11789.68
GELD-11459,61,63400.26,Self-Employed,588.0,22.35,1,6556.15,0.052,Business,Seattle,19.3,0,Low,0.0,0,0.0107,0,0,0.0,70.15
GELD-11460,62,58455.775,Employed,657.0,15.88,1,10693.75,0.061,Personal,Seattle,15.6,0,Low,0.0,0,0.0077,0,1,0.0,82.34
GELD-11461,54,80569.91,Self-Employed,690.0,6.93,0,21104.06,0.06,Personal,Chicago,12.6,0,Low,0.0,0,0.0032,0,1,0.0,67.53
GELD-11462,21,56659.7,Employed,679.0,30.89,2,21704.95,0.126,Personal,New York,12.3,0,Moderate,0.0,0,0.0287,0,1,0.0,622.93
GELD-11463,51,48653.86,Self-Employed,707.0,38.05,0,24432.28,0.171,Business,New York,17.1,0,Moderate,0.0,0,0.008,0,0,0.0,195.46
GELD-11464,50,33380.49,Retired,657.0,36.39,2,11373.21,0.166,Business,Houston,11.1,0,Moderate,0.0055,0,0.0443,0,0,62.55,503.83
GELD-11465,68,115693.76,Employed,660.0,57.49,1,9936.46,0.062,Personal,Los Angeles,16.2,0,High,0.0,0,0.0072,0,0,0.0,71.54
GELD-11466,38,52159.42,Retired,798.0,26.24,1,18821.87,0.117,Personal,Los Angeles,10.4,0,Low,0.0,0,0.0028,0,0,0.0,52.7
GELD-11467,37,39462.08,Employed,759.0,23.53,0,24346.12,0.177,Personal,Seattle,1.7,0,Low,0.0,0,0.0028,0,0,0.0,68.17
GELD-11468,58,35499.24,Retired,704.0,61.89,2,12708.98,0.229,Business,Seattle,8.0,0,High,0.591,1,0.3093,0,0,7511.01,3930.89
GELD-11469,34,18424.13,Unemployed,739.0,82.7,2,29950.43,0.729,Personal,Atlanta,9.2,1,Very High,1.0,1,0.9467,1,0,29950.43,28354.07
GELD-11470,43,76285.77,Employed,540.0,29.76,2,18515.26,0.084,Personal,Denver,3.3,0,Low,0.0081,0,0.0348,0,0,149.97,644.33
GELD-11471,45,50432.6,Self-Employed,617.0,36.91,0,8581.75,0.1,Personal,Houston,2.5,0,Moderate,0.0,0,0.0326,0,1,0.0,279.77
GELD-11472,35,64803.8,Retired,645.0,26.25,0,9228.19,0.065,Business,Denver,10.9,0,Low,0.0,0,0.0092,0,1,0.0,84.9
GELD-11473,66,66131.29,Employed,618.0,79.0,4,11798.33,0.143,Personal,Denver,2.2,1,Very High,1.0,1,0.9577,1,0,11798.33,11299.26
GELD-11474,42,78279.92,Employed,567.0,4.68,0,4711.34,0.05,Personal,Chicago,6.4,0,Low,0.0,0,0.0026,0,0,0.0,12.25
GELD-11475,23,46485.21,Self-Employed,704.0,42.13,2,8672.7,0.119,Personal,Denver,15.0,0,Moderate,0.0002,0,0.0249,0,1,1.73,215.95
GELD-11476,39,15131.64,Unemployed,772.0,30.49,3,23968.33,0.498,Business,Chicago,19.3,1,Moderate,0.9467,1,0.7852,1,0,22690.82,18819.93
GELD-11477,64,78482.68,Unemployed,674.0,61.65,4,27094.34,0.14,Personal,Denver,14.5,1,High,1.0,1,0.9346,1,0,27094.34,25322.37
GELD-11478,54,58360.84,Unemployed,720.0,19.87,1,14351.63,0.08,Personal,Houston,19.9,0,Low,0.0,0,0.0627,0,1,0.0,899.85
GELD-11479,55,64128.46,Employed,672.0,21.69,0,15876.91,0.08,Business,Chicago,14.1,0,Low,0.0,0,0.0,0,0,0.0,0.0
GELD-11480,70,38541.28,Unemployed,644.0,40.81,4,10037.15,0.147,Personal,Los Angeles,6.2,1,Moderate,1.0,1,0.9366,1,0,10037.15,9400.79
GELD-11481,21,114202.89,Employed,739.0,58.25,2,8233.04,0.06,Personal,Chicago,13.6,0,High,0.0004,0,0.0406,0,0,3.29,334.26
GELD-11482,41,49943.87,Employed,575.0,34.09,3,17020.67,0.13,Personal,Chicago,14.2,1,Moderate,0.9314,1,0.8043,1,0,15853.05,13689.72
GELD-11483,49,47752.18,Employed,545.0,62.53,5,9284.62,0.157,Business,Houston,7.7,1,High,1.0,1,0.961,1,0,9284.62,8922.52
GELD-11484,26,89402.55,Employed,574.0,33.67,0,33329.6,0.108,Personal,Houston,0.8,0,Moderate,0.0,0,0.0394,0,0,0.0,1313.19
GELD-11485,57,74386.32,Employed,735.0,39.33,4,15446.77,0.089,Business,Chicago,14.2,1,Moderate,0.9962,1,0.7129,1,0,15388.07,11012.0
GELD-11486,21,55220.96,Employed,681.0,56.67,2,15790.49,0.15,Personal,New York,0.9,0,High,0.0856,0,0.1496,0,0,1351.67,2362.26
GELD-11487,71,91541.89,Self-Employed,701.0,34.79,2,6401.51,0.05,Personal,Houston,12.8,0,Moderate,0.0,0,0.0224,0,1,0.0,143.39
GELD-11488,21,34574.88,Employed,792.0,32.07,1,3007.44,0.101,Personal,Atlanta,3.7,0,Moderate,0.0,0,0.0143,0,1,0.0,43.01
GELD-11489,47,58455.775,Employed,594.0,37.94,0,15789.12,0.112,Business,Atlanta,11.5,0,Moderate,0.0,0,0.0426,0,0,0.0,672.62
GELD-11490,41,58455.775,Employed,759.0,53.11,2,8971.95,0.112,Personal,Los Angeles,10.3,0,High,0.0016,0,0.0503,0,0,14.36,451.29
GELD-11491,36,38457.3,Employed,647.0,40.5,1,21815.64,0.208,Business,Denver,0.8,0,Moderate,0.0004,0,0.0336,0,0,8.73,733.01
GELD-11492,64,48144.19,Employed,637.0,3.54,0,6990.82,0.05,Personal,Chicago,7.6,0,Low,0.0,0,0.0,0,0,0.0,0.0
GELD-11493,60,58455.775,Employed,681.0,14.1,1,8789.15,0.052,Personal,New York,12.2,0,Low,0.0,0,0.0028,0,0,0.0,24.61
GELD-11494,46,48832.11,Employed,692.0,48.02,2,23663.16,0.185,Personal,Los Angeles,17.0,0,Moderate,0.0081,0,0.1184,0,1,191.67,2801.72
GELD-11495,36,38248.18,Self-Employed,660.0,39.22,1,11759.27,0.154,Business,Chicago,17.8,0,Moderate,0.0,0,0.0028,0,0,0.0,32.93
GELD-11496,48,82023.59,Employed,718.0,42.55,1,6628.98,0.063,Personal,Houston,9.9,0,Moderate,0.0,0,0.0013,0,0,0.0,8.62
GELD-11497,21,129538.86,Employed,681.0,15.26,1,12337.57,0.05,Personal,Atlanta,14.7,0,Low,0.0,0,0.0,0,1,0.0,0.0
GELD-11498,56,58455.775,Employed,661.0,62.46,3,37882.26,0.226,Personal,Seattle,6.7,1,High,0.9994,1,0.9017,1,0,37859.53,34158.43
GELD-11499,30,83799.73,Retired,646.0,21.09,2,13176.35,0.054,Business,New York,7.2,0,Low,0.0,0,0.0028,0,0,0.0,36.89
